product_category,en,nl,de,fr
Aircon/dehumidifier,Air conditioner,Airco,Klimaanlage,Clim
Aircon/dehumidifier,Air freshener / Air purifier,Luchtverfrisser / luchtreiniger,Lufterfrischer,Diffuseur désodorisant
Aircon/dehumidifier,Dehumidifier,Ontvochtiger,Luftentfeuchter,Déshydrateur
Aircon/dehumidifier,Humidifier,Luchtbevochtiger,Luftbefeuchter,Humidificateur
Aircon/dehumidifier,Ventilation system / extractor system,Ventilatiesysteem / afzuiginstallatie,Lüftungsanlage / Absauganlage,Hôte aspirante / système d'échappement
Battery/charger/adapter,AC Adaptor,AC-adapter,AC-Adapter,AC Adaptateur
Battery/charger/adapter,Adapter,Adapter,Adapter,Adaptateur
Battery/charger/adapter,Battery,Accu,Akku,Batterie
Battery/charger/adapter,Bicycle battery,Fietsaccu,E-Bike-Akku,Batterie vélo électrique
Battery/charger/adapter,Cable / Cord,Kabel / Snoer,Kabel,Câble / Cordon
Battery/charger/adapter,Charger,Acculader,Ladegerät,Chargeur
Battery/charger/adapter,Charger (battery / power supply),Oplader (accu- / batterij- / voeding),Ladegerät (Akku- / Netzteil),Chargeur (batterie / alimentation)
Battery/charger/adapter,Charging cable,Oplaadkabel / Laadsnoer,Ladekabel,Câble de charge
Battery/charger/adapter,Distribution plug,Verdeelstekker,Mehrfachstecker,Fiche multiple
Battery/charger/adapter,E-Bike charger,Lader E-Bike,Ladegerät E-Bike,Chargeur E-Bike
Battery/charger/adapter,Extension cord,Verlengsnoer,Verlängerungskabel,Rallonge
Battery/charger/adapter,Home electric charger,Thuislader,Heimladegerät,Va et vient / Chargeur domestique
Battery/charger/adapter,Plug,Stekker,Stecker,Fiche mâle
Battery/charger/adapter,Powerbank,Powerbank,Powerbank,Batterie de secours / Power Bank
Battery/charger/adapter,Socket / power strip,Stekkerdoos / contactdoos,Steckdose,Prise multiple
Battery/charger/adapter,Solar panel,Zonnepaneel,Solarpanel,Panneau solaire
Battery/charger/adapter,Switch,Switch,Switch,Switch
Battery/charger/adapter,Transformer,Transformator,Transformator,Transformateur
Battery/charger/adapter,UPS emergency power supply,UPS noodstroomvoorziening,UPS Notstromversorgung,UPS alimentation de secours
Battery/charger/adapter,USB network adapter,USB-netwerkadapter,USB-Netzwerkadapter,Adaptateur réseau USB
Coffee maker,Cafetiere,Cafetière,Cafetiere,Cafetière
Coffee maker,Coffee maker,Koffieapparaat,Kaffeemaschine,Cafetière / Machine à café
Coffee maker,Espresso maker,Espressoapparaat,Espressomaschine,Machine à expresso
Coffee maker,Percolator,Percolator,Perkolator,Percolateur
Decorative or safety lights,Bicycle light / bike light,Fietslamp,Fahrradlampe,Lampe de vélo
Decorative or safety lights,Bicycle lighting,Fietsverlichting,Fahrradbeleuchtung,Lumière vélo
Decorative or safety lights,Camping lamp,Campinglamp,Campinglampe,Lampe de camping
Decorative or safety lights,Chandelier,Kroonluchter,Kronleuchter,Chandelier
Decorative or safety lights,Christmas decoration,Kerstversiering,Weihnachtsschmuck,Décorations de Noël
Decorative or safety lights,Christmas lights,Kerstverlichting,Weihnachtsbeleuchtung,Lumières de noël
Decorative or safety lights,Construction light,Bouwlamp / Werklamp,Baustrahler,Lampe de travail / lampe chantier
Decorative or safety lights,Dimmer,Dimmer,Dimmer,Gradateur
Decorative or safety lights,Disco lamp,Discolamp,Disco-Lampe,Lampe disco
Decorative or safety lights,Flashlight / electric torch,Zaklamp,Taschenlampe,Lampe de poche
Decorative or safety lights,Globe with lighting,Globe met verlichting,Globus mit Beleuchtung,Globe lumineux
Decorative or safety lights,Grow light,Groeilamp / Kweeklamp,Wachstumslicht,Lampe de culture
Decorative or safety lights,Head lamp / Head torch,Hoofdlamp,Kopflampe,Lampe de tête
Decorative or safety lights,Horticultural lamp,Tuinbouwlamp,Gartenbaulampe,Lampe horticole
Decorative or safety lights,LED lamp,Ledlamp,LED-Lampe,Lampe LED
Decorative or safety lights,Light cord / fairy lights,Lichtsnoer / Snoer lampjes,Lichtkabel,Guirlande lumineuse
Decorative or safety lights,Magnifier with light,Loeplamp,Lupenleuchte,Lampe loupe
Decorative or safety lights,Night light,Nachtlampje,Nachtlicht,Veilleuse
Decorative or safety lights,Reading light,Leeslamp,Leselicht,Lampe de lecture
Decorative or safety lights,Squeeze torch / Dynamo flashlight,Knijpkat,Dynamotaschenlampe,Torche dynamoélectrique / Lampe à magnéto
Decorative or safety lights,Studio flash unit,Studioflitser,Studioblitzgerät,Flash de studio
Decorative or safety lights,Theatre spot,Theaterspot,Spotlight,Projecteur directif
Desktop computer,Computer,Computer,Computer,Ordinateur
Desktop computer,Desktop,Desktop,Desktop,Ordinateur de bureau
Digital compact camera,Photo camera,Fotocamera,Fotoapparat,Appareil photo / caméra
DSLR/video camera,Camcorder,Camcorder,Camcorder,Caméscope
DSLR/video camera,Surveillance camera,Beveiligingscamera,√úberwachungskamera,Caméra de surveillance
DSLR/video camera,Video camera,Videocamera,Videokamera,Caméra vidéo
DSLR/video camera,Video transfer device,Video-overzetapparaat,Video-Konverter,Convertisseur video
Fan,Airblower,Airblower,Luftbläser,Souffleur air
Fan,Fan,Ventilator,Ventilator,Ventilateur
Fan,Plafondventilator,Plafondventilator,Plafondventilator,Plafondventilator
Flat screen,Display / monitor,Beeldscherm / Monitor,Bildschirm,Écran
Flat screen,Television,Televisie,Fernseher,Téléviseur
Flat screen,Television foot,Televisievoet,Fernsehständer,Pied de télévision
Food processor,Blender,Blender,Blender,Mixeur
Food processor,Centrifuge,Centrifuge,Zentrifuge,Essoreuse à linge
Food processor,Coffee grinder,Koffiemolen / Bonenmaler,Kaffeemühle / Bonenmühle,Moulin à café
Food processor,Food processor,Keukenmachine / food processor,Küchenmaschine,Robot ménager / robot cuiseur / Robot pâtissier
Food processor,Stick mixer / Hand blender,Staafmixer,Pürierstab,Mixeur plongeur
Games console,Chess computer,Schaakcomputer,Schachcomputer,Ordinateur d'échecs
Games console,Game console,Spelcomputer / Game console,Spielcomputer / Spielkonsole,Ordinateur de jeux / Console de jeux
Games console,Playstation,Playstation,Playstation,Playstation
Games console,Wii,Wii,Wii,Wii
Games console,Xbox,Xbox,Xbox,Xbox
Hair & beauty item,Beard trimmer,Baardtrimmer,Bartschneider,Tondeuse à barbe
Hair & beauty item,Callus remover,Eeltverwijderaar,Hornhautentferner,Lime à callosité
Hair & beauty item,Curler set,Krulset,Lockenwickler-Set,Bigoudis chauffants
Hair & beauty item,Curling iron,Krultang,Lockenstab,Fer à friser
Hair & beauty item,Electric hairbrush,Elektrische haarborstel,Haarbürste elektrisch,Brosse à cheveux électrique
Hair & beauty item,Electric toothbrush,Elektrische tandenborstel,Zahnbürste elektrisch,Brosse à dents électrique
Hair & beauty item,Epilator,Epileerapparaat,Epilierer,Épilateur
Hair & beauty item,Facial steamer,Gezichtsstomer / stoomapparaat voor gezicht,Gesichtssauna,Bain vapeur visage
Hair & beauty item,Foot massage machine,Voetmassageapparaat,Fußmassagegerät,Appareil massage pieds
Hair & beauty item,Footbath,Voetenbad,Fußbad,Bassine bain de pied
Hair & beauty item,Hair clip,Haarklem,Haarspange,Pince à cheveux
Hair & beauty item,Hair curler,Haarkruller / Krulspeld,Lockenwickler,Bigoudi pour cheveux
Hair & beauty item,Hair hygrometer,Haarhygrometer,Haarhygrometer,Hygromètre à cheveux
Hair & beauty item,Hair removal system,Ontharingssysteem,Enthaarungsgerät,Système d'épilation
Hair & beauty item,Hair straightener / Hot brush,Stijltang,Glätteisen,Lisseur à cheveux / fer à lisser
Hair & beauty item,Ladyshave,Ladyshave,Ladyshave,Épilateur électrique
Hair & beauty item,Make-up mirror,Make-upspiegel,Schminkspiegel,Miroir pour maquillage
Hair & beauty item,Massage equipment,Massageapparaat,Massagegerät,Appareil massage
Hair & beauty item,Nail care,Nagelverzorging,Nagelpflegegerät,Manucure
Hair & beauty item,Nail file,Nagelvijl,Nagelfeile,Lime à ongles
Hair & beauty item,Oral shower,Monddouche,Munddusche,Douche buccale
Hair & beauty item,Pedicure appliance,Pedicure-apparaat,Pediküregerät,Appareil pédicure
Hair & beauty item,Shaver / Razor,Scheerapparaat,Rasiergerät,Rasoir électrique
Hair & beauty item,Toothbrush,Tandenborstel,Zahnbürste,Brosse à dents
Hair & beauty item,Water flosser,Waterflosser,Wasserflosser,Hydropulseur / Jet dentaire
Hair dryer,Hair dryer,Föhn,Föhn,Sèche-cheveux
Handheld entertainment device,Dictaphone,Dictafoon,Diktiergerät,Dictaphone
Handheld entertainment device,Discman,Discman,Discman,Baladeur¬†cd
Handheld entertainment device,MP3 CD player,MP3-cd-speler,MP3-CD-Spieler,Lecteur¬†MP3 / CD
Handheld entertainment device,MP3 player,MP3-speler,MP3-Spieler,Lecteur MP3
Handheld entertainment device,MP4 player,MP4-speler,MP4-Spieler,Lecteur MP4
Handheld entertainment device,Walkie-talkie,Walkie-talkie,Funkgerät,Talkie-walkie
Handheld entertainment device,Walkman,Walkman,Walkman,Baladeur / walkman
Headphones,Earphone,Oortelefoontje,Ohrhörer,Oreillette
Headphones,Earphones,Oortjes,Ohrhörer,Oreillettes / Écouteurs
Headphones,Headphones,Koptelefoon,Kopfhörer,Casque audio
Headphones,Headset,Headset,Headset,Casque-micro
Hi-Fi integrated,Boombox,Boombox,Boombox,Boombox
Hi-Fi integrated,Jukebox,Jukebox,Jukebox,Juke-box
Hi-Fi integrated,Karaokeset,Karaokeset,Karaokeset,Ensemble karaoké
Hi-Fi integrated,Mediaplayer,Mediaplayer,Mediaplayer,Lecteur média
Hi-Fi integrated,Stereoset / music centre,Stereoset,Stereoanlage,Chaîne stéréo / HIFI
Hi-Fi separates,Amplifier,Versterker,Verstärker,Amplificateur
Hi-Fi separates,Audio player,Audiospeler,Audiospieler,Lecteur audio
Hi-Fi separates,Audio recorder,Audio-recorder,Audiorekorder,Enregistreur audio
Hi-Fi separates,Cassette deck,Cassettedeck,Kassettendeck,Platine à cassette
Hi-Fi separates,Cassette player / recorder,Cassettespeler / -recorder,Kassettenspieler / -rekorder,Lecteur / enregistreur cassettes
Hi-Fi separates,CD / Cassette player,Cd- / cassettespeler,CD- / Kassettenspieler,Lecteur CD / cassettes
Hi-Fi separates,Cd / dvd player,Cd- / dvd-speler,CD- / DVD-Spieler,Lecteur CD / DVD
Hi-Fi separates,CD player / recorder,Cd-speler / -recorder,CD-Spieler / -Rekorder,Lecteur / enregistreur CD
Hi-Fi separates,DAT recorder,DAT-recorder,DAT-Rekorder,Enregistreur DAT
Hi-Fi separates,DVD / CD / radio player,Dvd- / cd- / radiospeler,DVD- / CD- / Radio-Spieler,Lecteur DVD / CD / radio
Hi-Fi separates,Dvd / cd player,Dvd- / cd-speler,DVD- / CD-Spieler,Lecteur DVD / CD
Hi-Fi separates,Dvd / video player,Dvd- / videospeler,DVD- / Video-Spieler,Lecteur DVD / vidéo
Hi-Fi separates,DVD player / recorder,Dvd-speler / -recorder,DVD-Spieler / -Rekorder,Lecteur / enregistreur DVD
Hi-Fi separates,Equalizer,Equalizer,Equalizer,Égaliseur
Hi-Fi separates,Karaokeset,Karaokeset,Karaokeset,Ensemble karaoké
Hi-Fi separates,Phonograph,Phonograaf,Phonograph,Phonographe
Hi-Fi separates,Radio / CD / cassette player,Radio / cd- / cassettespeler,Radio / CD- / Kassettenspieler,Radio / lecteur cd / cassette
Hi-Fi separates,Radio / CD player,Radio / cd-speler,Radio- / CD-Spieler,Lecteur radio / CD
Hi-Fi separates,Receiver,Receiver / Ontvanger,Receiver,Récepteur
Hi-Fi separates,Reel to reel recorder,Reel-to-reel-recorder,Reel-to-Reel-Rekorder,Enregistreur bobine à bobine
Hi-Fi separates,Sound bar,Soundbar,Soundbar,Soundbar / Barre de son
Hi-Fi separates,Sound mixer,Mengpaneel,Mischpult,Table de mixage
Hi-Fi separates,Speaker,Speaker / Geluidsbox,Lautsprecher,Haut-parleur / Enceinte
Hi-Fi separates,Subwoofer,Subwoofer,Subwoofer,Subwoofer / caisson de basse
Hi-Fi separates,Tape recorder,Bandrecorder,Tonbandgerät,Magnétophone
Hi-Fi separates,Tuner,Tuner,Tuner,Tuner
Hi-Fi separates,Tuner / amplifier,Tuner / versterker,Tuner / Verstärker,Ampli-tuner
Hi-Fi separates,Tuner / amplifier / cassette deck,Tuner / versterker / cassettedeck,Tuner / Verstärker / Kassettendeck,Ampli-tuner / platine à cassette
Hi-Fi separates,Tuner / amplifier / CD player,Tuner / versterker / cd-speler,Tuner / Verstärker / CD-Spieler,Ampli-tuner / lecteur CD
Hi-Fi separates,Tuner / amplifier / receiver,Tuner / versterker / ontvanger,Tuner / Verstärker / Empfänger,Ampli-tuner / récepteur
Hi-Fi separates,Tuner / CD player,Tuner / cd-speler,Tuner / CD-Spieler,Tuner / lecteur CD
Hi-Fi separates,Turntable / record player,Platenspeler / pick-up,Plattenspieler,Tourne-disque
Hi-Fi separates,Wifi amplifier,Wifi-versterker,WLAN-Repeater,Amplificateur Wifi
Hi-Fi separates,World receiver,Wereldontvanger,Weltempfänger,Récepteur monde
Iron,Iron,Strijkijzer,Bügeleisen,Fer à repasser
Iron,Ironing press,Strijkpers,Bügelpresse,Presse à repasser
Iron,Steam iron / Steam ironing station,Stoomstrijkijzer / stoomstrijkstation,Dampfbügeleisen / Dampfbügelstation,Fer à vapeur / centrale vapeur
Kettle,Electric kettle,Waterkoker,Wasserkocher,Bouilloire électrique
Kettle,Kettle,Ketel,Kessel,Bouilloire
Kettle,Tea urn,Theeketel / theekan,Tea urn,Tea urn
Lamp,Ceiling lamp,Plafondlamp,Deckenlampe,Lampe de plafond / plafonnier
Lamp,Desk lamp,Bureaulamp,Schreibtischlampe,Lampe de bureau
Lamp,Disco lamp,Discolamp,Disco-Lampe,Lampe disco
Lamp,Floor lamp,Staande lamp / Schemerlamp,Stehlampe / Stehleuchte,Lampe sur pied
Lamp,Halogen lamp,Halogeenlamp,Halogenlampe,Lampe halogène
Lamp,Infrared lamp,Infraroodlamp,Infrarot-Lampe,Lampe à infrarouge
Lamp,Lamp / lighting,Lamp / Verlichting,Lampe / Beleuchtung,Lampe / éclairage
Lamp,Mosquito lamp,Muggenlamp,Mückenlampe,Lampe antimoustique
Lamp,Outdoor lamp,Buitenlamp,Außenlampe / Außenleuchte,Lampe d'extérieur
Lamp,Solar lamp,Solarlamp / Lamp op zonne-energie,Solarlampe,Lampe solaire
Lamp,Table lamp,Tafellamp,Tischlampe / Tischleuchte,Lampe de table
Lamp,UV lamp,UV-lamp,UV-Lampe,Lampe UV
Laptop,Laptop,Laptop,Laptop,Laptop / Ordinateur portable
Large home electrical,Built-in oven,Inbouwoven,Einbaubackofen,Four encastrable
Large home electrical,Concrete mixer,Betonmixer,Betonmischer,Mélangeur à béton
Large home electrical,Dishwasher,Vaatwasser / Afwasmachine,Geschirrspüler,Lave-vaisselle
Large home electrical,E-bike,E-bike,E-bike,Vélo électrique
Large home electrical,Edge cutter,Kantenknipper,Kantenschneider,Coupe bordure
Large home electrical,Electric bed,Elektrisch bed,Bett elektrisch,Lit électrique
Large home electrical,Electric fence,Elektrisch hek,Elektrischer Zaun,Clôture électrique
Large home electrical,Electric lawnmower,Elektrische grasmaaier,Rasenmäher elektrisch,Tondeuse à gazon électrique
Large home electrical,Exercise bike,Hometrainer,Heimtrainer,Vélo d'appartement
Large home electrical,Extractor hood,Afzuigkap,Dunstabzugshaube,Hotte aspirante
Large home electrical,Fitness machine,Fitnessapparaat,Fittnessgerät,Appareil fitness
Large home electrical,Fridge,Koelkast,Kühlschrank,Frigo
Large home electrical,Garden mulcher / garden shredder / wood chipper,Hakselaar / versnipperaar (voor tuin),Häcksler / Shredder (für Garten),Broyeur de végétaux
Large home electrical,Generator,Stroomaggregaat,Stromaggregat,Groupe électrogène
Large home electrical,Grass shears,Grasschaar,Grasschere,Cisailles à gazon
Large home electrical,Kid's motor bike,Kindermotorfiets,Kindermotorrad,Motocyclette pour enfants
Large home electrical,Lawn edge cutter,Graskantsteker,Kantenstecher,Dresse-bordures
Large home electrical,Lawn mower / lawn raker,Grasmaaier,Rasenmäher,Tondeuse à gazon
Large home electrical,Massage chair,Massagestoel,Massagestuhl,Siège massage
Large home electrical,Metal detector,Metaaldetector,Metalldetektor,Détecteur de métaux
Large home electrical,Microwave,Magnetron / Microgolf,Mikrowelle,Four à micro-ondes
Large home electrical,Microwave oven,Combimagnetron,Kombi-Mikrowelle,Micro-ondes combiné
Large home electrical,Mobile whirlpool bath,Mobiel bubbelbad,Whirlpool mobil,Bain à remous portable
Large home electrical,Mobility scooter,Scootmobiel,Elektromobil,Scooter sénior
Large home electrical,Mop machine,Dweilmachine,Putzmaschine,Serpillière électrique
Large home electrical,Motorised jockey wheel / Mover (for caravan),Mover (voor caravan),Mover (für Wohnwagen) /,Roue jockey motorisée / Mover (pour caravane)
Large home electrical,Robot lawn mower,Robotmaaier,Roboter-Rasenmäher,Tondeuse robotique
Large home electrical,Steam cleaner,Stoomreiniger,Dampfreiniger,Nettoyeur vapeur / balai vapeur
Large home electrical,Stove,Kachel,Heizung,Poêle
Large home electrical,Sunbed,Zonnebank,Sonnenbank,Banc solaire
Large home electrical,Treadmill,Loopband,Laufband,Tapis de course
Large home electrical,Trouser press,Broekenpers,Hosenpresse,Presse-pantalon
Large home electrical,Tumble dryer,Wasdroger,Wäschetrockner,Sèche-linge
Large home electrical,Washing machine,Wasmachine,Waschmaschine,Lave-linge / machine à laver
Large home electrical,Water cooler,Waterkoeler,Wasserspender,Refroidisseur d'eau
Misc,3D printer,3D-printer,3D-Drucker,Imprimante 3D
Misc,Barometer,Barometer,Barometer,Baromètre
Misc,Beamer,Beamer,Beamer,Beamer
Misc,Bed wetting alarm,Plaswekker,Weckgerät bei Einnässen,Alarme pipi
Misc,Boxwood shears,Buxusschaar,Buxusschere,Cisailles à buis
Misc,Broom,Bezem,Besen,Balai
Misc,Cable reel,Kabelhaspel,Kabelrolle / Kabeltrommel,Dévidoir
Misc,Calculator,Rekenmachine,Rechenmaschine,Calculatrice
Misc,Capacitor,Condensator,Kondensator,Condensateur
Misc,Car key,Autosleutel,Autoschlüssel,Clé de voiture
Misc,Cassette tape,Cassettebandje,Kassette,Cassette
Misc,Cat repellent,Kattenverjager,Katzenschreck,Appareil anti-chats
Misc,Circuit board,Printplaat,Platine,Carte de circuit imprimé
Misc,Clothes hanger,Klerenhanger / Kleerhanger,Kleiderbügel,Cintre
Misc,Color enlarger,Kleurenvergroter,Farbvergrößerer,Agrandisseur couleur
Misc,Digit lock,Cijferslot,Zahlenschloss,Cadenas à chiffres / serrure à chiffres
Misc,Drying hood,Droogkap,Trockenhaube,Casque sèche-cheveux
Misc,E-cigarette,E-sigaret,E-Zigarette,E-cigarette
Misc,Energizer,Schrikdraadapparaat,Elektrozaungerät,Electrificateur
Misc,Film device,Filmapparaat,Filmgerät,Matériel cinéma
Misc,Fishing bite alarm,Beetmelder,Bissanzeiger,Détecteur de touche
Misc,Gourmet set,Gourmetstel,Gourmetgerät,Raclette gastronomique
Misc,Hearing aid,Gehoorapparaat,Hörgerät,Appareil auditif
Misc,Heat glove,Warmtehandschoen,Wärmehandschuh,Gant chauffant
Misc,Hose reel,Slanghaspel,Schlauchtrommel,Dévidoir tuyau d'arrosage
Misc,Hotstone device,Hotstone-apparaat,Hot-Stone-Gerät,Appareil chauffe pierres
Misc,Incubator (lab equipment),Incubator / Broedmachine (laboratoriumapparatuur),Inkubator / Brutschrank (Laborgeräte),Incubateur / Couveuse (matériel de laboratoire)
Misc,Inverter,Omvormer,Stromrichter / Wechselrichter,Convertisseur / Onduleur / Inverseur
Misc,LAN cable,LAN-kabel,LAN-Kabel,Câble LAN
Misc,Laser,Laser,Laser,Laser
Misc,Light meter,Lichtmeter,Belichtungsmesser,Posemètre
Misc,Lighter,Aansteker,Feuerzeug,Briquet
Misc,Listening aid,Luisterhulp,Hörhilfe,Assistant d'écoute
Misc,Loppers,Takkenschaar,Astschere,Cisaille à branches / Coupe branches
Misc,Megaphone,Megafoon,Megafon,Porte-voix
Misc,Metronome,Metronoom,Metronom,Métronome
Misc,Multitool,Multitool,Multifunktionswerkzeug,Outil multifonction / multitool
Misc,Other,Overig,Anderes,Divers
Misc,Pan,Pan,Kochtopf,Casserole
Misc,Personal alarm,Persoonsalarm,Notrufsystem für Pflege / Senioren,Alarme personne
Misc,PH meter,PH-meter,pH-Meter,pH-mètre
Misc,Salt shaker,Zoutstrooier,Salzstreuer,Moulin à sel
Misc,Scrubber,Schrobmachine,Bodenreiniger,Autolaveuse
Misc,SD card,SD-kaart,SD-Karte,Carte SD
Misc,Servomotor,Servomotor,Stellmotor / Servomotor,Servomoteur
Misc,Software,Software,Software,Logiciel
Misc,Suitcase gramophone,Koffergrammofoon,Grammofon tragbar,Phonographe portatif
Misc,Telelens,Telelens,Teleobjektiv,Téléobjectif
Misc,Telephone (not mobile or smartphone),Telefoon (geen mobiele of smartphone),Telefon (kein Handy oder Smartphone),Téléphone (pas de portable ou smartphone)
Misc,Thermometer,Thermometer,Thermometer,Thermomètre
Misc,Thermostat,Thermostaat,Thermostat,Thermostat
Misc,Tripod,Statief,Stativ,Pied
Misc,Typewriter,Typmachine,Schreibmaschine,Machine à écrire
Misc,Ultrasound machine,Echo-apparaat,Ultraschallgerät,Appareil d'échographie
Mobile,Mobile phone / cell phone (not smartphone),Mobiele telefoon (geen smartphone),Handy (kein Smartphone),Mobile (pas smartphone)
Mobile,Smartphone,Smartphone,Smartphone,Smartphone
Mobile,Telephone (not mobile or smartphone),Telefoon (geen mobiele of smartphone),Telefon (kein Handy oder Smartphone),Téléphone (pas de portable ou smartphone)
Musical instrument,Electric guitar,Elektrische gitaar,Elektrische Gitarre,Guitare électrique
Musical instrument,Electric piano,Elektrische piano,Klavier elektrisch,Piano électrique
Musical instrument,Home organ,Huisorgel,Heimorgel,Orgue portable
Musical instrument,Keyboard (musical instrument),Keyboard (muziekinstrument),Keyboard (Musikinstrument),Clavier électronique (instrument de musique)
Musical instrument,Musical instrument,Muziekinstrument,Musikinstrument,Instrument de musique
Musical instrument,Organ,Orgel,Orgel,Orgues
Musical instrument,Vibraphone,Vibrafoon,Vibrafon,Vibraphone
Paper shredder,Paper cutter / trimmer,Papiersnijplaat,Schneidematte,Presse à rogner
Paper shredder,Paper shredder,Papierversnipperaar,Aktenvernichter,Déchiqueteuse / Destructeur de papier
Paper shredder,Shredder,Hakselaar,Häcksler,Hache-paille
PC accessory,Apple pencil,Apple pencil,Apple pencil,Apple pencil
PC Accessory,CD ripper,Cd-brander,CD-Brenner,Graveur de CD
PC accessory,Computer mouse,Computermuis,Maus für Computer,Souris ordinateur
PC Accessory,Daisy player,Daisyspeler,Daisy-Spieler,Lecteur Daisy
PC accessory,Dockingstation,Dockingstation,Dockingstation,Station d'accueil
PC accessory,Extension cord,Verlengsnoer,Verlängerungskabel,Rallonge
PC accessory,Floppy drive,Floppydrive,Diskettenlaufwerk,Lecteur de disquettes
PC accessory,GPS plotter,GPS-plotter,GPS-Plotter,Traceur GPS
PC accessory,Hard disk,Harde schijf,Festplatte,Disque dur
PC Accessory,Joy stick,Joy stick,Joy stick,Joy stick / manette de jeu
PC accessory,Keyboard,Toetsenbord,Tastatur,Clavier
PC accessory,Microphone,Microfoon,Mikrofon,Microphone
PC accessory,Modem,Modem,Modem,Modem
PC accessory,Plug,Stekker,Stecker,Fiche mâle
PC accessory,Router,Router,Router,Routeur
PC accessory,Switch,Switch,Switch,Switch
PC accessory,Touchpad / trackpad,Touchpad / trackpad,Touchpad / Trackpad,Tablette tactile / touchpad / trackpad
PC accessory,Webcam,Webcam,Webcam,Webcam
Portable radio,Alarm clock radio,Wekkerradio,Radiowecker,Radio-réveil
Portable radio,DAB+ radio,DAB+ radio,DAB+ Radio,DAB+ radio
Portable radio,Radio,Radio,Radio,Radio
Portable radio,Radio / amplifier,Radio / versterker,Radio / Verstärker,Amplificateur RF
Portable radio,Radio / tape recorder,Radio / cassetterecorder,Radio- / Kassettenrekorder,Radiocassette
Portable radio,Suitcase radio,Kofferradio,Kofferradio,Radio valise
Power tool,Air compressor,Luchtcompressor,Luftkompressor,Compresseur d'air
Power tool,Air pump,Luchtpomp,Luftpumpe,Pompe à air
Power tool,Angle grinder / Disc cutter,Haakse slijper,Winkelschleifer,Meuleuse angulaire / Lapidaire
Power tool,Auger,Grondboor,Schneckenbohrer,Tarière
Power tool,Band saw,Lintzaag,Bandsäge,Scie à ruban
Power tool,Belt sander,Bandschuurmachine,Bandschleifmaschine,Ponceuse à bande / lime électrique
Power tool,Bench lathe,Tafeldraaibank,Tischdrehbank,Tour d'établi
Power tool,Bicycle pump / tyre inflator,Fietspomp,Luftpumpe Fahrrad,Pompe à vélo
Power tool,Chainsaw,Kettingzaag,Kettensäge,Tronçonneuse
Power tool,Circular saw,Cirkelzaag,Kreissäge,Scie circulaire
Power tool,Clipper / trimmer,Tondeuse / trimmer,Haarschneidemaschine / Tondeuse,Tondeuse multi-usage
Power tool,Compressor,Compressor,Kompressor,Compresseur
Power tool,Concrete drill,Betonboor,Betonbohrer,Perceuse à béton
Power tool,Cutting machine,Snijmachine,Schneidemaschine,Coupeuse
Power tool,Dremel tool,Dremel,Dremel,Dremel
Power tool,Drilling machine / Power drill,Boormachine,Bohrmaschine,Perceuse électrique
Power tool,Electric brushcutter,Elektrische bosmaaier,Elektrische Motorsense,Débroussailleuse électrique
Power tool,Electric drill / Power drill,Boormachine,Bohrmaschine,Perceuse électrique
Power tool,Electric hedge trimmer,Elektrische heggenschaar,Heckenschere elektrisch,Taille-haie électrique
Power tool,Electric saw,Elektrische zaag,Säge elektrisch,Scie électrique
Power tool,Electric screwdriver,Elektrische schroevendraaier,Schraubendreher elektrisch,Tournevis électrique
Power tool,Electric weed burner,Elektrische onkruidbrander,Elektrische Unkrautbrenner,Désherbeur thermique électrique
Power tool,Electric window wiper,Elektrische raamwisser,Fensterreiniger elektrisch,Lave-vitres électrique
Power tool,Fountain pump,Fonteinpomp,Springbrunnenpumpe,Pompe de fontaine
Power tool,Garden fork,Tuinvork / spitvork,Gartengabel / Spuckgabel,Fourchette de jardin
Power tool,Glue gun,Lijmpistool,Klebepistole,Pistolet à colle
Power tool,Grass trimmer,Grastrimmer,Rasentrimmer,Coupe-bordures / rotofil
Power tool,Grinder,Slijpmachine / slijptol,Schleifmaschine,Affûteuse
Power tool,Hammer blow drill,Hamerslagboor,Schlagbohrer,Marteau perforateur
Power tool,Hammer drill,Boorhamer / klopboormachine,Bohrhammer / Schlagbohrmaschine,Marteau perforateur / burineur / perceuse à percussion
Power tool,Hand circular saw,Handcirkelzaag,Handkreissäge,Scie circulaire à main
Power tool,Hand drill,Handboormachine,Handbohrmaschine,Perceuse à main électrique
Power tool,Heat gun / thermal stripper,Warmtekanon / Heteluchtpistool,Heißluftpistole,Décapeur thermique
Power tool,Heat pump,Warmtepomp,Wärmepumpe,Pompe à chaleur
Power tool,Hedge shear / hedge trimmer,Heggenschaar,Heckenschere,Taille-haie
Power tool,Jigsaw tool,Decoupeerzaag,Stichsäge,Scie sauteuse
Power tool,Leaf blower,Bladblazer,Laubbläser,Souffleur jardin
Power tool,Metal detector,Metaaldetector,Metalldetektor,Détecteur de métaux
Power tool,Milling cutter,Frees,Fräse,Fraise
Power tool,Miter saw,Verstekzaag / afkortzaag,Gehrungssäge,Scie à onglet
Power tool,Multitool,Multitool,Multifunktionswerkzeug,Outil multifonction / multitool
Power tool,Nail gun,Spijkerpistool,Nagelpistole,Pistolet à clous / cloueuse
Power tool,Nail milling machine,Nagelfreesmachine,Nagelfräser,Ponceuse à ongles
Power tool,Paint burner,Verfafbrander,Heißluftpistole,Brûleur à peinture
Power tool,Paint sprayer,Verfspuit,Farbspritzpistole,Pistolet à peinture
Power tool,Planer,Schaafmachine,Hobelmaschine,Raboteuse
Power tool,Polisher,Boenmachine,Bohnermaschine,Cireuse
Power tool,Pond pump,Vijverpomp,Teichpumpe,Pompe de bassin
Power tool,Pool filter pump,Zwembadfilterpomp,Schwimmbad-Filterpumpe,Pompe pour filtre de piscine
Power tool,Pressure sprayer / Garden sprayer,Drukspuit / Tuinsproeier,Drucksprühgerät / Gartenspritze,Pulvérisateur à pression / Pulvérisateur de jardin
Power tool,Pruning shears / Garden shears / Secateurs,Snoeischaar / tuinschaar,Gartenschere,Sécateur jardin / Cisaille jardin
Power tool,Pump,Pomp,Pumpe,Pompe
Power tool,Robot window cleaner,Robot-ramenwisser / Robot-ruitenreiniger,Roboter-Fensterreiniger,Robot essuie-vitres / Robot nettoyeur de vitres
Power tool,Robotic pool cleaner / Pool robot,Robot-zwembadreiniger / Zwembadrobot,Roboter-Poolreiniger / Pool-Roboter,Robot nettoyeur de piscine / Robot de piscine
Power tool,Roller shutter,Rolluik,Rollladen,Volet roulant
Power tool,Saber saw / reciprocating saw,Reciprozaag / sabelzaag,Säbelsäge,Scie sabre
Power tool,Sander,Schuurmachine,Rutscher,Ponceuse
Power tool,Sawing machine,Zaagmachine,Sägemaschine,Scieuse
Power tool,Screw drill,Schroefboormachine,Bohrschrauber,Perceuse-visseuse
Power tool,Screwdriver,Schroevendraaier,Schraubenzieher,Tournevis
Power tool,Slot cutter,Sleuvenfrees,Mauernutfräse / Schlitzfräse,Fraise à rainurer
Power tool,Snowblower,Sneeuwblazer,Schneeschleuder,Souffleuse à neige
Power tool,Soldering station,Soldeerstation,Lötstation,Station de soudage
Power tool,Steam cleaner,Stoomreiniger,Dampfreiniger,Nettoyeur vapeur / balai vapeur
Power tool,Straight grinder,Rechte slijper,Geradschleifer,Meuleuse
Power tool,Strimmer,Strimmer / Maaier,Strimmer / Mäher,Strimmer / Débroussailleuse
Power tool,Submersible pump,Dompelpomp,Tauchpumpe,Pompe immergée
Power tool,Table saw,Tafelzaag,Tischsäge,Scie sur table
Power tool,Upright vacuum cleaner,Steelstofzuiger,Stabstaubsauger,Aspirateur balai
Power tool,Wallpaper dryer,Behangafstomer,Dampf-Tapetenablöser,Décolleuse papier peint
Power tool,Water blaster / High-pressure cleaner / Jet washer,Hogedrukreiniger,Hochdruckreiniger,Nettoyeur haute pression
Power tool,Water pump,Waterpomp,Wasserpumpe,Pompe à eau
Power tool,Weed brush,Onkruidborstel,Unkrautbürste,Brosse à mauvaises herbes
Power tool,Welding machine,Lasapparaat,Schweißmaschine,Machine à souder
Power tool,Window wiper,Ramenwisser,Fensterwischer,Lave-vitres
Printer/scanner,Copier,Kopieerapparaat,Kopierer,Photocopieur
Printer/scanner,Label printer,Labelapparaat,Label- / Beschriftungsgerät,Étiqueteuse
Printer/scanner,Photo printer,Fotoprinter,Fotodrucker,Imprimeur photo
Printer/scanner,Printer,Printer,Drucker,Imprimante
Printer/scanner,Printer / scanner,Printer / scanner,Drucker / Scanner,Imprimante / scanneur
Printer/scanner,Scanner,Scanner,Scanner,Scanneur
product_category_ords,partner_product,#N/A,#N/A,#N/A
Projector,Diaviewer / Slide viewer,Diaviewer / Diascanner,Diaviewer / Diabetrachter,Diaviewer / Visionnaire de diapositives
Projector,Film projector,Filmprojector,Filmprojektor,Projecteur de cinéma
Projector,Overhead projector,Overheadprojector,Overheadprojektor,Rétroprojecteur
Projector,Slide projector / Dia viewer,Diaprojector,Diaprojektor,Projecteur de diapositives
Projector,Video projector,Videoprojector,Videoprojektor,Projecteur vidéo
Sewing machine,Bag sewing machine,Zakkennaaimachine,Sacknähmaschine,Machine à coudre pour sac
Sewing machine,Overlock machine,Lockmachine,Overlock-Nähmaschine,Surjeteuse
Sewing machine,Sewing machine,Naaimachine,Nähmaschine,Machine à coudre
Small home electrical,Advent candlestick electric,Adventskandelaar elektrisch,Kerzenständer für Advent elektrisch,Cierge de l'Avent électrique
Small home electrical,Air pump,Luchtpomp,Luftpumpe,Pompe à air
Small home electrical,Alarm (PIR) Sensor,Alarm (PIR) Sensor,Alarm (PIR) Sensor,Alarm (PIR) Sensor
Small home electrical,Altitude generator,Hoogtegenerator,Höhengenerator,Générateur d'altitude
Small home electrical,Answering machine,Antwoordapparaat,Anrufbeantworter,Répondeur
Small home electrical,Aquarium pump,Aquariumpomp,Aquariumpumpe,Pompe aquarium
Small home electrical,Baby monitor,Babyfoon,Babyfon,Babyphone
Small home electrical,Battery tester,Batterijtester,Batterie-Tester,Testeur de piles
Small home electrical,Bed motor,Bedmotor,Bettmotor,Moteur de lit
Small home electrical,Bed wetting alarm,Plaswekker,Weckgerät bei Einnässen,Alarme pipi
Small home electrical,Bicycle pump / tyre inflator,Fietspomp,Luftpumpe Fahrrad,Pompe à vélo
Small home electrical,Big Shot crafting device,Big Shot knutselapparaat,Big Shot Bastelmaschine,Big Shot machine artisanale
Small home electrical,Bingo machine,Bingomachine,Bingo-Maschine,Machine à bingo
Small home electrical,Blood pressure monitor,Bloeddrukmeter,Blutdruckmessgerät,Tensiomètre
Small home electrical,Boiler programmer,Programmeerapparaat verwarmingsketel / boiler,Kesselprogrammiergerät,Programmateur de chaudière
Small home electrical,Brush robot,Borstelrobot,Bürstenroboter,Robot brosse
Small home electrical,Bug zapper,Insectenvanger / insectendoder,Insektenvernichter / Insekten-Zapper,Zapper de moustiques / tueur d'insectes
Small home electrical,Calculator,Rekenmachine,Rechenmaschine,Calculatrice
Small home electrical,Caller ID device,Nummermelder,Rufnummernanzeige-Gerät,Appareil d'identification de l'appelant
Small home electrical,Candle on battery,Kaars op batterij,"Kerze, batteriebetrieben",Bougie à piles
Small home electrical,Carbon monoxide detector,Koolmonoxidemelder,Kohlenmonoxidmelder,Détecteur de monoxyde de carbone
Small home electrical,Cigarette filler,Sigarettenvuller,Zigarettenmaschine,Remplisseur de cigarettes
Small home electrical,Clipper / trimmer,Tondeuse / trimmer,Haarschneidemaschine / Tondeuse,Tondeuse multi-usage
Small home electrical,Coin counter,Muntenteller,Münzenzähler,Compteur pièces monnaie
Small home electrical,Controller,Controller,Controller,Manette
Small home electrical,Cutting machine,Snijmachine,Schneidemaschine,Coupeuse
Small home electrical,Digital Ampere Meter,Digitale ampèremeter,Amperemeter digital,Ampèremètre
Small home electrical,Digital photo frame,Digitaal fotolijstje,Fotorahmen digital,Cadre photo numérique
Small home electrical,Dimmer,Dimmer,Dimmer,Gradateur
Small home electrical,Distometer / Range finder / Distance meter,Distometer / Afstandsmeter,Distometer / Abstandsmesser,Distometer / Mesureur de distance
Small home electrical,Doorbell,Deurbel,Türklingel,Sonnette (de maison)
Small home electrical,Drinking water pump,Drinkwaterpomp,Trinkwasserpumpe,Pompe eau potable
Small home electrical,E-vitalizer,E-vitalizer,E-vitalizer,E-vitalizer
Small home electrical,Electric blanket,Elektrische deken,Heizdecke elektrisch,Couverture électrique
Small home electrical,Electric candle,Elektrische kaars,Elektrische Kerze,Bougie électrique
Small home electrical,Electric convector,Elektrische convector,Elektrischer Konvektor,Convecteur électrique
Small home electrical,Electric eraser,Elektrische gum,Radiergummi elektrisch,Gomme électrique
Small home electrical,Electric fireplace / decorative fireplace,Elektrische haard / sierhaard,Elektrischer Kamin / Dekokamin,Cheminée électrique / décorative
Small home electrical,Electric fly swatter,Elektrische vliegenmepper,Fliegenklatsche elektrisch,Tapette à mouches électrique
Small home electrical,Electric heater / radiator,Elektrische kachel / radiator,Elektrische Heizung / Elektrischer Heizkörper,Radiateur électrique
Small home electrical,Electric hot water bottle,Elektrische kruik,Wärmflasche elektrisch,Bouillotte électrique
Small home electrical,Electric pencil sharpener,Elektrische puntenslijper,Bleistiftspitzer elektrisch,Taille-crayons électrique
Small home electrical,Electric scissors,Elektrische schaar,Schere elektrisch,Ciseaux électriques
Small home electrical,Electric stapler,Elektrische nietmachine,Tacker elektrisch,Agrafeuse électrique
Small home electrical,Electric step,Elektrische step,Elektrischer Scooter / Tretroller,Trottinette électrique / Patinette électrique
Small home electrical,Electric towel dryer,Elektrische handdoekdroger,Handtuchtrockner elektrisch,Sèche serviette électrique
Small home electrical,Electric window lock,Elektrische raamsluiting,Fensterverriegelung elektrisch,Fermeture fenêtre électrique
Small home electrical,Electrolyser,Elektrolyser,Elektrolyseur,Electrolyseur
Small home electrical,Electrostimulator,Elektrostimulator,Elektrostimulator,Électrostimulateur
Small home electrical,Energy cost meter,Energiekostenmeter,Energiekostenzähler,Compteur de coûts d'énergie
Small home electrical,Fan heater,Ventilatorkachel,Gebläseheizung / Heizlüfter,Radiateur soufflant
Small home electrical,Flour grinder / flour mill,Graanmolen / bloemmolen,Getreidemühle,Moulin à céréales
Small home electrical,Fluff clippers / Fluff remover,Pluizentondeuse,Fusselrasierer,Rassoir en tissu
Small home electrical,Fluff clippers / Lint shaver,Pluizentondeuse,Fusselrasierer,Rassoir en tissu
Small home electrical,Fly fan,Vliegenwaaier,Fliegenfächer,Ventilateur de mouches
Small home electrical,Folding machine,Vouwmachine,Falzmaschine,Plieuse
Small home electrical,Foot warmer / Foot bag / Foot muff,Voetenwarmer / Voetenzak,Fußwärmer / Fußsack,Chauffe-pieds / Sac à pied
Small home electrical,Garden sprinkler,Tuinsproeier,Sprinkler,Arroseur rotatif
Small home electrical,Grabber,Grijper,Greifzange,Pince de ramassage
Small home electrical,Heat goggles,Warmtebril,Wärmebrille,Lunettes de chaleur
Small home electrical,Heated dryer / airer,Elektrisch droogrek,Elektrischer Trockenständer,Séchoir électrique
Small home electrical,Heater,Heater / verwarmer,Heater / Heizgerät,Heater / chauffage
Small home electrical,Heating element,Verwarmingselement,Heizelement,Élément de chauffage
Small home electrical,Heating pad / heat cushion,Warmtekussen,Wärmekissen,Coussin chauffant
Small home electrical,Humidity meter / moisture meter,Vochtmeter / Vochtigheidsmeter,Feuchtigkeitsmesser,Humidimètre
Small home electrical,Inhaler,Inhaler / Inhalator,Inhalator / Inhaler,Inhalateur
Small home electrical,Intercom,Intercom,Sprechanlage,Interphone
Small home electrical,Inverter,Omvormer,Stromrichter / Wechselrichter,Convertisseur / Onduleur / Inverseur
Small home electrical,Irrigation controller,Beregeningsregelaar,Bewässerungssteuerung,Contrôleur d'arrosage
Small home electrical,Jewelry tool,Sieradengereedschap,Schmuckwerkzeug,Outil de bijouterie
Small home electrical,Knitting machine,Breimachine,Strickmaschine,Machine à tricoter
Small home electrical,Label printer,Labelapparaat,Label- / Beschriftungsgerät,Étiqueteuse
Small home electrical,Lable machine,Lettertang,Prägezange,Dymo
Small home electrical,Laminator,Lamineerapparaat,Laminiergerät,Plastifieuse
Small home electrical,Laser,Laser,Laser,Laser
Small home electrical,Laser measure / laser measuring device,Lasermeter / Lasermeetapparaat,Laser-Messgerät,Appareil de mesure laser / metre laser
Small home electrical,Laundry rack,Wasrek,Wäscheständer,Séchoir
Small home electrical,Massage cushion,Massagekussen,Massagekissen,Coussin de massage
Small home electrical,Microscope,Microscoop,Mikroskop,Microscope
Small home electrical,Mole repellent,Mollenverjager,Maulwurfschreck,Chasse-taupe
Small home electrical,Mosquito lamp,Muggenlamp,Mückenlampe,Lampe antimoustique
Small home electrical,Motion sensor,Bewegingssensor,Bewegungssensor,Capteur de mouvement
Small home electrical,Motor unit,Motorunit,Motorunit / Motorblock,Motorunit / block moteur
Small home electrical,Movable table,Roltafeltje,Rolltisch,Table basse à roulettes
Small home electrical,Multimeter,Multimeter,Multimeter,Multimètre
Small home electrical,Muscle stimulator,Spierstimulator,Muskel-Stimulator,Stimulateur musculaire
Small home electrical,Neck warmer,Nekwarmer,Nackenwärmer,Chauffe-nuque
Small home electrical,Oil diffuser,Aroma diffuser,Diffuseur d'huiles essentielles,Aroma Diffusor
Small home electrical,Oscilloscope,Oscilloscoop,Oszilloskop,Oscilloscope
Small home electrical,Oxygenator,Zuurstofapparaat,Iltningsapparat,Oxygénateur
Small home electrical,Patio heater / outdoor heater,Terrasverwarmer,Terrassenheizer,Chauffage de patio / chauffage de terrasse
Small home electrical,Personal alarm,Persoonsalarm,Notrufsystem für Pflege / Senioren,Alarme personne
Small home electrical,Personal scales,Personenweegschaal,Personenwaage,Pèse personne
Small home electrical,Pet clipper,Huisdierentondeuse,Schermaschinen für Haustiere,Tondeuse pour animaux
Small home electrical,Pipe detector,Leidingdetector,Rohrdetektor,Détecteur de tuyaux
Small home electrical,Radiant heater,Straalkachel,Heizstrahler,Chauffage radiant
Small home electrical,Recording device,Opname-apparaat,Aufnahmegerät,Enregistreur
Small home electrical,Roller blind motor,Motor van rolgordijn,Rollo-Motor,Moteur de store à rouleau
Small home electrical,Roller shutter programmer,Rolluik-programmeerapparaat,Programmierer für Rollläden,Programmateurs volets roulants
Small home electrical,Sanibroyeur toilet,Sanibroyeur,Sanibroyeur,Sanibroyeur
Small home electrical,Saturator / Oximeter,Saturatiemeter / Zuurstofmeter,Saturator / Oximeter,Saturateur / Oxymètre
Small home electrical,Scarifier,Verticuteermachine,Vertikutierer,Scarificateur motorisé
Small home electrical,Sealing device,Sealapparaat,Siegelgerät,Dispositif d'étanchéité
Small home electrical,Shoe dryer,Schoenendroger,Schuhtrockner,Sèche-chaussures
Small home electrical,Smoke detector,Rookmelder,Rauchmelder,Détecteur de fumée
Small home electrical,Solar panel,Zonnepaneel,Solarpanel,Panneau solaire
Small home electrical,Soldering iron,Soldeerbout,Lötkolben,Fer à souder
Small home electrical,Stapler,Nietmachine,Hefter,Agrafeuse
Small home electrical,Steam appliance (for textiles),Stoomapparaat (voor textiel),Dampfgerät (für Textil),Appareil à vapeur (pour textile) / Défroisseur
Small home electrical,Stone tumbler / Rock tumbler,Trommelmachine,Trommelmaschine,Tambour de polissage
Small home electrical,Stove,Kachel,Heizung,Poêle
Small home electrical,Tabletop fountain,Tafelfontein,Tischbrunnen / Zimmerbrunnen,Fontaine de table
Small home electrical,Tacker,Tacker,Tacker,Agrafeuse pneumatique
Small home electrical,Telephone (not mobile or smartphone),Telefoon (geen mobiele of smartphone),Telefon (kein Handy oder Smartphone),Téléphone (pas de portable ou smartphone)
Small home electrical,Thermal blanket,Warmtedeken,Wärmedecke,Couverture chauffante
Small home electrical,Thermometer,Thermometer,Thermometer,Thermomètre
Small home electrical,Thermostat,Thermostaat,Thermostat,Thermostat
Small home electrical,Tile cutter,Tegelsnijder,Fliesenschneider,Carrelette / Coupe-carreaux
Small home electrical,Towel rack,Handdoekenrekje,Handtuchhalter,Porte-serviette
Small home electrical,Typewriter,Typmachine,Schreibmaschine,Machine à écrire
Small home electrical,Ultrasonic stain remover,Ultrasone vlekkenverwijderaar,Ultraschall-Fleckenentferner,Détacheur à ultrasons
Small home electrical,Ultrasound machine,Echo-apparaat,Ultraschallgerät,Appareil d'échographie
Small home electrical,Vibration plate / Power plate,Trilplaat / Powerplate,Plateforme vibrante / Powerplate,Vibrationsplatte / Powerplate
Small home electrical,Voice recorder,Voicerecorder,Diktiergerät,Dictaphone
Small home electrical,Watch winder,Watchwinder / Horloge-opwinder,Uhrenbeweger / Watchwinder,Remontoir de montre / Watchwinder
Small home electrical,Water sprinkler timer,Watersproeitimer,Sprinkler-Zeitschaltuhr,Minuteur d'arrosage
Small home electrical,Waxing iron (for skis),Waxapparaat (voor ski's),Wachsbügeleisen (für Ski),Fer à farter (pour les skis)
Small home electrical,Weed burner,Onkruidbrander,Unkrautbrenner,Brûleur de mauvaises herbes
Small home electrical,Weed whacker,Onkruidverdelger,Unkrautvernichter,Tueur de mauvaises herbes
Small home electrical,White noise machine,White noise machine,Weißes-Rauschgerät,Machine à bruit blanc
Small home electrical,Windscreen defroster,Ruitontdooier,Enteiser für Windschutzscheiben,Dégivreur de pare-brise
Small home electrical,Wireless switch,Draadloze schakelaar,Drahtloser Schalter,Commutateur sans fil
Small kitchen item,Air fryer,Airfryer,Heißluftfritteuse / Airfryer,Friteuse à air chaud / Airfryer
Small kitchen item,Baby food maker,Babyvoedingmaker,Babynahrungszubereiter,Robot cuiseur-mixeur pour bébé
Small kitchen item,Baby milk maker,Babymelkapparaat,Babymilchmaschine,Machine à lait pour bébé
Small kitchen item,Baking machine,Bakapparaat,Backmaschine,Appareil de cuisson
Small kitchen item,Barbecue,Barbecue,Barbecue,Barbecue
Small kitchen item,Boiler,Boiler,Boiler,Ballon d'eau chaude / chaudière
Small kitchen item,Bottle warmer,Flessenwarmer,Flaschenwärmer,Chauffe biberon
Small kitchen item,Bread slicer,Broodsnijmachine,Brotschneidemaschine,Trancheuse à pain / coupe-pain
Small kitchen item,Breadmaker,Broodbakmachine,Brotbackautomat,Machine à pain
Small kitchen item,Can opener / Jar opener,Blikopener,Dosenöffner,Ouvre-boîte
Small kitchen item,Carpet cleaner,Tapijtreiniger,Teppichreiniger,Shampouineuse
Small kitchen item,Ceramic hob,Keramische kookplaat,Keramikkochfeld,Plaque vitrocéramique
Small kitchen item,Chafing dish,Rechaud,Rechaud,Réchaud
Small kitchen item,Cheese cutting machine,Kaassnijmachine,Käseschneider,Machine à couper le fromage
Small kitchen item,Chocolate fountain,Chocoladefontein,Schokoladenbrunnen,Fontaine de chocolat
Small kitchen item,Chopper,Hakmolen,Häcksler / Chopper,Hachoir
Small kitchen item,Citrus press,Citruspers,Zitruspresse,Presse-agrume
Small kitchen item,Cool box,Koelbox,Kühlbox,Glacière
Small kitchen item,Cotton candy machine,Suikerspinmachine,Zuckerwattemaschine,Machine à barbe à papa
Small kitchen item,Cover plate,Afdekplaat,Abdeckplatte,Plaque de recouvrement
Small kitchen item,Cream-bruleeburner,Crème-bruleebrander,Gasbrenner für Crème brûlée,Brûleur à crème brûlée
Small kitchen item,Drying oven,Droogoven,Trockenofen,Four de séchage
Small kitchen item,Egg boiler / egg cooker,Eierkoker,Eierkocher,Cuiseur à oeufs
Small kitchen item,Electric baking tray,Elektrische bakplaat,Backblech elektrisch,Plaque de cuisson électrique
Small kitchen item,Electric cool box,Elektrische koelbox,Kühlbox elektrisch,Glacière électrique
Small kitchen item,Electric knife,Elektrisch mes,Elektromesser,Couteau électrique
Small kitchen item,Electric pan,Elektrische pan,Topf elektrisch,Fait-tout électrique
Small kitchen item,Electric urn / pot,Elektrische kan,Elektrische Kanne,Pichet électrique
Small kitchen item,Electrical wok,Elektrische wok,Wok elektrisch,Wok électrique
Small kitchen item,Feeding device for animals,Voederapparaat voor dieren,Futterautomat für Tiere,Distributeur de nourriture
Small kitchen item,Floor wiper,Vloerwisser,Bodenwischer,Raclette sol
Small kitchen item,Fondue set,Fondueset,Fondue-Set,Service à fondue
Small kitchen item,Food dehydrator,Voedseldroger,Lebensmitteltrockner,Sèche-nourriture
Small kitchen item,Fryer,Friteuse,Fritteuse,Friteuse
Small kitchen item,Frying pan,Koekenpan,Pfanne,Poêle à frire
Small kitchen item,Gravy warmer,Juswarmer,Soßenwärmer,Chauffe-sauce
Small kitchen item,Griddle,Grillplaat,Grillplatte,Plaque grill / plancha
Small kitchen item,Grill,Grill,Grill,Gril
Small kitchen item,Grill and raclette machine,Grill- en racletteapparaat,Grill- und Raclettegerät,Appareil à raclette et gril
Small kitchen item,Grill oven,Grilloven,Grillofen,Four à grill
Small kitchen item,Grill pan,Grillpan,Grillpfanne,Poêle grill
Small kitchen item,Herbal mill,Kruidenmolen,Gewürzmühle,Moulin à herbes
Small kitchen item,Hob,Kookplaat,Kochplatte,Table de cuisson
Small kitchen item,Hot dog maker,Hotdogapparaat,Hot-Dog-Maschine,Appareil à hot dog
Small kitchen item,Hot plate,Warmhoudplaatje,Warmhalteplatte,Chauffe-plat
Small kitchen item,Hot water dispenser,Heetwaterdispenser,Heißwasserspender,Distributeur d'eau chaude
Small kitchen item,Hydrometer,Hydrometer,Hydrometer,Hydromètre
Small kitchen item,Ice cream maker,Ijsmachine,Eismaschine,Machine à glace
Small kitchen item,Ice cube maker,IJsblokjesmachine,Eiswürfelmaschine,Fabrique à glaçons
Small kitchen item,Induction hob,Inductiekookplaat,Induktionskochplatte,Plaque induction
Small kitchen item,Juice extractor / Juicer,Sapcentrifuge,Entsafter / Saftzentrifuge,Extracteur de jus / centrifugeuse
Small kitchen item,Kitchen scales,Keukenweegschaal,Küchenwaage,Balance de cuisine
Small kitchen item,Meat cutter,Vleessnijder,Schneidemaschine für Fleisch,Coupe-jambon / trancheuse à jambon
Small kitchen item,Meat mill,Vleesmolen,Fleischmühle,Moulin à viandes
Small kitchen item,Milk frother,Melkopschuimer,Milchaufschäumer,Mousseur de lait
Small kitchen item,Milk jug,Melkkannetje,Milchkanne,Petit pot à lait
Small kitchen item,Milk pan,Melkpan,Milchkochtopf,Casserole à lait
Small kitchen item,Mincer,Gehaktmolen,Fleischwolf,Hachoir à viande
Small kitchen item,Mixer / blender,Mixer / blender,Mixer,Mixeur / Blender
Small kitchen item,Multicooker,Multicooker,Multicooker,Multicooker
Small kitchen item,Oven,Oven,Ofen,Four
Small kitchen item,Pancake maker,Pannenkoekenmachine,Pfannkuchenmaschine,Appareil à crêpes
Small kitchen item,Panini maker,Panini-apparaat,Panini-Maschine,Appareil à panini / machine à panini
Small kitchen item,Pasta maker,Pastamachine,Nudelmaschine,Fabricant de pâtes
Small kitchen item,Pedal bin,Pedaalemmer,Pedaleimer,Poubelle à pédale
Small kitchen item,Pepper and salt shakers,Peper- en zoutstel,Pfeffer-Salz-Set,Salière et poivrière
Small kitchen item,Pepper mill / Pepper grinder,Pepermolen,Pfeffermühle,Moulin à poivre
Small kitchen item,Pizza maker,Pizza-apparaat,Pizzamaschine,Cuiseur à pizza
Small kitchen item,Pizza oven,Pizzaoven,Pizzaofen,Four à pizza
Small kitchen item,Popcorn maker,Popcornmachine,Popcorn-Automat,Machine à pop-corn
Small kitchen item,Portable cooker,Draagbaar kooktoestel / campinggasje,Tragbarer Kocher / Campingkocher,Cuisinière portable / réchaud de camping
Small kitchen item,Potato peeler electric,Aardappelschilapparaat,Kartoffelschälgerät,Éplucheur de pommes de terre électrique
Small kitchen item,Pressure cooker,Snelkookpan,Schnellkochtopf,Autocuiseur / Cocotte-minute
Small kitchen item,Raclette grill,Raclettestel,Racletteofen,Appareil à raclette
Small kitchen item,Rice cooker,Rijstkoker,Reiskocher,Cuiseur riz
Small kitchen item,Rolled cookies iron,Kniepertjesijzer,Hörncheneisen,Gaufrier à cornets de glace
Small kitchen item,Sandwich maker,Tosti-apparaat,Sandwichtoaster,Appareil à croque-monsieur
Small kitchen item,Scales,Weegschaal,Waage,Terraillon / Balance
Small kitchen item,Slowcooker / Crock pot,Slowcooker,Slowcooker / Langsamkocher,Mijoteuse / Slowcooker
Small kitchen item,Smoothie maker,Smoothie-apparaat,Smoothie-Gerät,Appareil à smoothie
Small kitchen item,SodaStream,SodaStream,SodaStream,SodaStream
Small kitchen item,Soup maker,Soepmaker,Suppenzubereiter,Blender chauffant
Small kitchen item,Steam cooker,Stoomkoker,Dampfgarer,Cuiseur vapeur
Small kitchen item,Steamer / Steam oven,Stoomoven,Dampfbackofen,Four à vapeur
Small kitchen item,Steriliser,Steriliseerapparaat,Sterilisationsgerät,Stérilisateur
Small kitchen item,Still / Distiller,Distilleerapparaat,Destillierapparat,Distillateur
Small kitchen item,Stone grill,Steengrill,Steingrill,Pierrade
Small kitchen item,Stove,Kachel,Heizung,Poêle
Small kitchen item,Stove / Cooker,Fornuis,Kochherd,Cuisinière
Small kitchen item,Table grill,Tafelgrill,Tischgrill,Grill de table
Small kitchen item,Tea warmer,Theelichtje,Teelicht,Chauffe-théière
Small kitchen item,Teamaker / teasmade,Thee-apparaat,Teemaschine,Machine à thé
Small kitchen item,Teapot,Theepot,Teekanne,Théière
Small kitchen item,Toaster oven,Toastoven / mini-oven,Toastofen / Mini-Ofen,Mini four toaster
Small kitchen item,Waffle iron,Wafelijzer,Waffeleisen,Gaufrier
Small kitchen item,Weckkettle / pickling kettle,Weckketel / inmaakketel,Weckkessel / Einkochkessel,Weckkettle / bouilloire de conservation
Small kitchen item,Wine cooler,Wijnkoeler,Weinkühler,Refroidisseur de vin
Small kitchen item,Yogurt machine,Yoghurtmachine,Joghurtmaschine,Yaourtière
Tablet,Bicycle computer,Fietscomputer,Fahrradcomputer,Ordinateur vélo / Compteur vélo
Tablet,Children's computer,Kindercomputer,Kindercomputer,Ordinateur pour enfant
Tablet,Computer,Computer,Computer,Ordinateur
Tablet,E-reader / E-book reader,E-reader,E-Reader,Liseuse électrique
Tablet,GPS plotter,GPS-plotter,GPS-Plotter,Traceur GPS
Tablet,GPS tracker,GPS-tracker,GPS-Tracker,Traqueur GPS
Tablet,Graphics tablet,Graphics tablet,Graphics tablet,Graphics tablet
Tablet,iPad (tablet),iPad (tablet),iPad (tablet),iPad (tablet)
Tablet,Navigation system,Navigatiesysteem,Navigationssystem,Système de navigation
Tablet,PDA,PDA,PDA,Ordinateur de poche
Tablet,Tablet,Tablet,Tablet-PC,Ordinateur tablette
Tablet,Weather station,Weerstation,Wetterstation,Station météo
Toaster,Grill toaster,Grill-tostiapparaat,Kontaktgrill,Appareil croque-monsieur
Toaster,Toaster,Broodrooster,Toaster,Grille-pain
Toy,Big Mouth Billy Bass,Big Mouth Billy Bass,Big Mouth Billy Bass,Big Mouth Billy Bass
Toy,Brush robot,Borstelrobot,Bürstenroboter,Robot brosse
Toy,Carnival / fairground attraction toy,Kermisattractie speelgoed,Jahrmarktsattraktion Spielzeug,Attraction foraine jouet
Toy,Children's kitchen,Kinderkeuken,Kinderküche,Cuisine jouet
Toy,Christmas tree,Kerstboom,Weihnachtsbaum,Sapin de Noël
Toy,Computer game,Computerspel,Computerspiel,Jeu d'ordinateur
Toy,Controller,Controller,Controller,Manette
Toy,Crossword solver,Kruiswoordraadseloplosser,Kreuzworträtsel-Löser,Solutionneur de mots croisés
Toy,Cuddly toy / stuffed toy / Plushie,Knuffel,Plüschfigur,Doudou / Péluche
Toy,Decoration,Decoratie,Dekoration,Décoration
Toy,Doll,Pop,Puppe,Poupée
Toy,Drone,Drone,Drone,Drone
Toy,Drone / Quadcopter,Drone / Quadcopter,Drone / Quadcopter,Drone / Quadcopter
Toy,Electric fire truck / fire engine,Elektrische brandweerwagen,Elektrisches Feuerwehrauto,Moteur électrique d'incendie
Toy,Electric play mat,Elektrisch speelkleed,Spielteppich elektrisch,Tapid de jeu électrique
Toy,Electric skateboard,Elektrisch skateboard,Elektro-Skateboard / Skateboard elektrisch,Skateboard électrique
Toy,Electric step,Elektrische step,Elektrischer Scooter / Tretroller,Trottinette électrique / Patinette électrique
Toy,Electric train,Elektrische trein,Elektrische Eisenbahn,Train électrique
Toy,Electronic dartboard,Elektronisch dartbord,Dartscheibe elektronisch,Jeu de fléchettes électronique
Toy,Electronic dice,Elektronische dobbelsteen,Elektronischer Würfel,Dé électronique
Toy,Game,Spel,Spiel,Jeu
Toy,Globe with lighting,Globe met verlichting,Globus mit Beleuchtung,Globe lumineux
Toy,Hoverboard,Hoverboard,Hoverboard,Hoverboard
Toy,Interactive book,Interactief boek,Interaktives Buch,Livre interactif
Toy,Keyboard,Toetsenbord,Tastatur,Clavier
Toy,Lightsaber,Lichtzwaard,Lichtschwert,Sabre laser / Sabre lumineux
Toy,Music book,Muziekboekje,Musikbuch,Livre musical
Toy,Music box (toy),Speeldoos,Spieluhr,Boîte à musique (jouet)
Toy,Other,Overig,Anderes,Divers
Toy,Pinball machine,Flipperkast,Flipper,Flipper
Toy,Racing car,Race-auto,Rennauto,Voiture de course
Toy,Racing track,Racebaan,Autorennbahn,Circuit de voiture
Toy,Railroad tracks,Spoorrails,Eisenbahnschienen,Rails de chemin de fer
Toy,Remote controlled car,Afstandbestuurbare auto,Ferngesteuertes Auto,Voiture téléguidée
Toy,Remote controlled helicoptor,Afstandbestuurbare helikopter,Ferngesteuerter Hubschrauber,Hélicoptère téléguidé
Toy,Robot,Robot,Roboter,Robot
Toy,Rocking horse,Hobbelpaard,Schaukelpferd,Cheval à bascule
Toy,Rotary plate / rotary table,Draaiplateau / draaischijf,Drehteller,Platine disque
Toy,Roundabout,Draaimolen,Karussell,Manège
Toy,Santa Claus,Kerstman,Weihnachtsmann,Père Noël
Toy,Sawing machine,Zaagmachine,Sägemaschine,Scieuse
Toy,Scales,Weegschaal,Waage,Terraillon / Balance
Toy,Sewing machine,Naaimachine,Nähmaschine,Machine à coudre
Toy,Step,Step,Scooter / Tretroller,Trottinette
Toy,Teddy bear,Teddybeer,Teddybär,Nounours
Toy,Telescope mount (motorised),Telescoopbevestiging (gemotoriseerd),Teleskophalterung (motorisiert),Support de télescope motorisé
Toy,Tiptoi pen,Tiptoi-stift,Tiptoi-Stift,Tiptoi stylo
Toy,Toy,Speelgoed,Spielzeug,Jouet
Toy,Toy animal,Speelgoedbeest,Spielzeugtier,Animal jouet
Toy,Toy boat,Speelgoedboot,Spielboot,Bateau-jouet
Toy,Toy car,Speelgoedauto,Spielzeugauto,Voiture jouet
Toy,Toy chainsaw,Speelgoedkettingzaag,Spielzeug-Kettensäge,Tronçonneuse jouet
Toy,Toy computer,Speelgoedcomputer,Spielzeug-Computer,Ordinateur jouet
Toy,Toy crane,Speelgoedhijskraan,Spielzeugkran,Grue-jouet
Toy,Toy dog,Speelgoedhond,Spielzeughund,Chien jouet
Toy,Toy figure,Speelgoedfiguur,Spielzeugfigur,Figurine de jouet
Toy,Toy helicopter,Speelgoedhelikopter,Spielzeug-Hubschrauber,Hélicoptère jouet
Toy,Toy hippo,Speelgoednijlpaard,Spielzeug-Nilpferd,Hippopotame jouet
Toy,Toy locomotive,Speelgoedlocomotief,Spielzeuglokomotive,Spielzeuglokomotive
Toy,Toy microphone,Speelgoedmicrofoon,Spielzeugmikrofon,Microphone jouet
Toy,Toy monkey,Speelgoedaap,Spielzeugaffe,Singe-jouet
Toy,Toy piano,Speelgoedpiano,Spielzeug-Klavier,Piano jouet
Toy,Toy tape recorder,Speelgoedbandrecorder,Spielzeugkassettenrekorder,Magnétophone jouet
Toy,Toy tractor,Speelgoedtractor,Spielzeugtraktor,Tracteur-jouet
Toy,Toy truck,Speelgoedvrachtwagen,Spielzeug-LKW,Camion-jouet
Toy,Train (toy),Speelgoedtrein,Zug (Spielzeug),Train (jouet)
Toy,Transformer,Transformator,Transformator,Transformateur
Toy,Vacuum cleaner,Stofzuiger,Staubsauger,Aspirateur
Toy,Walkie-talkie,Walkie-talkie,Funkgerät,Talkie-walkie
Toy,Whistle,Fluitje,Trillerpfeife,Sifflet
TV and gaming-related accessories,Antenna,Antenne,Antenne,Antenne
TV and gaming-related accessories,Blu-ray player,Blu-ray-speler,Blu-ray-Spieler,Lecteur blu-ray
TV and gaming-related accessories,Dealing machine (for bridge),Deelautomaat (voor bridge),Kartenausgabeautomat (für Bridge),Distributeur de cartes (pour bridge)
TV and gaming-related accessories,Decoder TV,Decoder tv,Dekodierer Fernseher,Décodeur télé
TV and gaming-related accessories,DVD Cinema System,Dvd-cinemasysteem,DVD-Heimkinosystem,Home cinéma / lecteur DVD
TV and gaming-related accessories,Home cinema,Home cinema,Heimkinosystem,Home-cinéma
TV and gaming-related accessories,Microphone,Microfoon,Mikrofon,Microphone
TV and gaming-related accessories,Projection screen,Projectiescherm,Projektionswand,Écran de projection
TV and gaming-related accessories,Remote control,Afstandsbediening,Fernbedienung,Télécommande
TV and gaming-related accessories,Satellite receiver,Satellietontvanger,Satellitenempfänger,Antenne parabolique
TV and gaming-related accessories,Television,Televisie,Fernseher,Téléviseur
TV and gaming-related accessories,Television lift,Televisielift,Fernsehlift,Lève-écran
TV and gaming-related accessories,Television with video recorder,Televisie met videorecorder,Fernseher mit Videorekorder,Télévision avec magnétoscope
TV and gaming-related accessories,Transmission equipment,Zendapparatuur,Sendeanlagen / √úbertragungsgeräte,Équipement de transmission
TV and gaming-related accessories,Video / DVD player / recorder,Video- / dvd-speler / -recorder,Video- / DVD-Spieler / -Rekorder,Lecteur DVD / Magnétoscope
TV and gaming-related accessories,Video player / recorder,Videospeler / -recorder,Videospieler / -rekorder,Lecteur video / Magnétoscope
TV and gaming-related accessories,Video scanner,Videoscanner,Video-Scanner,Scanner vidéo
TV and gaming-related accessories,Video tape,Videoband,Videokassette,Cassette vidéo
Vacuum,Floor cleaner,Vloerreiniger,Hartbodenreiniger,Nettoyeur de sol
Vacuum,Garden vacuum,Bladzuiger,Laubsauger,Aspirateur à feuilles / aspirateur jardin
Vacuum,Handheld vacuum cleaner,Kruimeldief / kruimelzuiger / handstofzuiger,Tischstaubsauger,Ramasse-miettes / Aspirateur de table
Vacuum,Robotic vacuum cleaner,Robotstofzuiger,Staubsaugerroboter / Saugroboter,Aspirateur robot
Vacuum,Vacuum cleaner,Stofzuiger,Staubsauger,Aspirateur
Vacuum,Vacuuming machine,Vacumeerapparaat,Vakumiergerät,Appareil sous vide
Vacuum,Water vacuum cleaner,Waterzuiger,Wassersauger,Aspirateur eau
Vacuum,Wet and dry vacuum cleaner,Nat- en droogzuiger,Nass-Trockensauger,Aspirateur eau et poussière
Watch/clock,Activity tracker / Fitness watch,Activiteitstracker,Activity Tracker / Aktivitätstracker / Fitness-Uhr,Activity tracker / Traqueur d'activité / Montre fitness
Watch/clock,Alarm clock,Wekker,Wecker,Réveil
Watch/clock,Alarm clock radio,Wekkerradio,Radiowecker,Radio-réveil
Watch/clock,Clock,Klok,Uhr,Horloge
Watch/clock,Clock with thermometer,Klok met thermometer,Uhr mit Thermometer,Horloge avec thermomètre
Watch/clock,Cooking timer,Kookwekker,Kochwecker,Minuteur cuisine
Watch/clock,Egg timer,Eierwekker,Eieruhr,Minuteur
Watch/clock,Electronic pigeon clock,Elektronische duivenklok,Taubenuhr / Konstatieruhr elektronisch,Constateur électronique
Watch/clock,Interval timer,Intervaltimer / sporttimer,Intervalltaktgeber / Intervall-Timer,Minuterie à intervalles
Watch/clock,Other,Overig,Anderes,Divers
Watch/clock,Schaakklok,Schaakklok,Schachuhr,Pendule d'échecs
Watch/clock,Smartwatch,Smartwatch,Smartwatch,Smartwatch / Montre connectée
Watch/clock,Sunbed timer,Zonnebanktimer,Sonnenbank-Timer,Minuterie pour banc solaire
Watch/clock,Time switch,Schakelklok,Zeitschaltuhr,Minuterie
Watch/clock,Time switch / Timer,Schakelklok / Tijdschakelaar,Zeitschaltuhr / Timer,Minuterie
Watch/clock,Timer,Tijdklok,Schaltuhr,Temporisateur
Watch/clock,Travel alarm clock,Reiswekker,Reisewecker,Réveil de voyage
Watch/clock,Water sprinkler timer,Watersproeitimer,Sprinkler-Zeitschaltuhr,Minuteur d'arrosage
Watch/clock,World clock,Wereldklok,Weltzeituhr,Horloge mondiale
Watch/clock,Wrist watch,Horloge,Armbanduhr,Montre