product_category,product
Aircon/dehumidifier,Air conditioner
Aircon/dehumidifier,Air freshener / Air purifier
Aircon/dehumidifier,Aircon/dehumidifier
Aircon/dehumidifier,Centrale vapeur
Aircon/dehumidifier,Dehumidifer
Aircon/dehumidifier,Dehumidifier
Aircon/dehumidifier,Heater
Aircon/dehumidifier,Humidifier
Aircon/dehumidifier,Luftbefeuchter
Aircon/dehumidifier,Luftentfeuchter
Battery/charger/adapter,"Akku, mechanisch"
Battery/charger/adapter,Autobatterie-Ladegerät
Battery/charger/adapter,Battery
Battery/charger/adapter,Battery charger
Battery/charger/adapter,Bicycle battery
Battery/charger/adapter,Cable
Battery/charger/adapter,Charger
Battery/charger/adapter,Charger (battery / power supply)
Battery/charger/adapter,Chargeur de batterie
Battery/charger/adapter,Chauffage électrique
Battery/charger/adapter,Chauffage électrique d’appoint
Battery/charger/adapter,Extension Cable
Battery/charger/adapter,Extension cord
Battery/charger/adapter,Extension lead
Battery/charger/adapter,Funksteckdose
Battery/charger/adapter,Ladegerät
Battery/charger/adapter,multiprise
Battery/charger/adapter,Netzteil
Battery/charger/adapter,Plug
Battery/charger/adapter,Power extension
Battery/charger/adapter,Power supply
Battery/charger/adapter,Powerbank
Battery/charger/adapter,Socket / power strip
Battery/charger/adapter,Transformer
Coffee maker,cafetière électrique
Coffee maker,Coffee machine
Coffee maker,Coffee maker
Coffee maker,Espresso maker
Coffee maker,Espressokocher
Coffee maker,Kaffeemaschine
Coffee maker,Kaffeevollautomat
Coffee maker,Machine à café
Coffee maker,Pad-/Kapsel-Kaffeemaschine
Coffee maker,Percolateur
Decorative or safety lights,Beleuchtung
Decorative or safety lights,Bicycle light
Decorative or safety lights,Bike Light
Decorative or safety lights,Christmas decoration
Decorative or safety lights,Christmas lights
Decorative or safety lights,Decorative or safety lights
Decorative or safety lights,Fairy lights
Decorative or safety lights,Flashlight / electric torch
Decorative or safety lights,Guirlande lumineuse
Decorative or safety lights,Lamp
Decorative or safety lights,LED lamp
Decorative or safety lights,LED-Licht/LED-Leuchte
Decorative or safety lights,Lichterkette
Decorative or safety lights,light
Decorative or safety lights,Lights
Decorative or safety lights,Solar light
Decorative or safety lights,Taschenlampe
Decorative or safety lights,Torch
Desktop computer,Computer
Desktop computer,Desktop
Desktop computer,Desktop computer
Desktop computer,Desktopcomputer
Digital compact camera,Camera
Digital compact camera,Digital compact camera
Digital compact camera,Digitalkamera
Digital compact camera,Photo camera
DSLR/video camera,DSLR/video camera
DSLR/video camera,Video camera
DSLR/video camera,Video player/recorder
DSLR/video camera,Video/DVD player/recorder
DSLR/video camera,Videokamera
DSLR/video camera,Videorekorder
Fan,Fan
Fan,Lüfter
Fan,Ventilator
Flat screen,Bildschirm
Flat screen,Display
Flat screen,Display / monitor
Flat screen,Fernseher
Flat screen,"Flat screen 15-17"""
Flat screen,"Flat screen 19-20"""
Flat screen,"Flat screen 22-24"""
Flat screen,"Flat screen 26-30"""
Flat screen,"Flat screen 32-37"""
Flat screen,TV
Flat screen,Télévision
Food processor,Blender
Food processor,Coffee grinder
Food processor,Entsafter
Food processor,Food mixer
Food processor,Food Processor
Food processor,Food processor
Food processor,Grinder
Food processor,Hand Blender
Food processor,Handmixer
Food processor,Handrührgerät
Food processor,Juice extractor
Food processor,Juicer
Food processor,Kaffeemühle
Food processor,Kitchen mixer
Food processor,Küchenmaschine
Food processor,Mix soupe
Food processor,Mixer
Food processor,Mixer électrique
Food processor,Mixer/blender
Food processor,Mixeur
Food processor,Mixeur plongeur
Food processor,Moulin à café
Food processor,Presse fruit
Food processor,robot cuisine
Food processor,Robot melangeur
Food processor,Robot Ménager
Food processor,Soup maker
Food processor,Stabmixer / Pürierstab
Food processor,Standmixer
Food processor,Stick blender
Food processor,Stick mixer
Food processor,Stick mixer / Hand blender
Games console,Game console
Games console,Games console
Games console,Playstation
Games console,Spielkonsole
Games console,Wii
Hair & beauty item,Beard trimmer
Hair & beauty item,Blood pressure monitor
Hair & beauty item,Clipper/trimmer
Hair & beauty item,Curler set
Hair & beauty item,Curling iron
Hair & beauty item,Electric hairbrush
Hair & beauty item,Electric toothbrush
Hair & beauty item,Elektrorasierer
Hair & beauty item,Epilator
Hair & beauty item,Foot massage machine
Hair & beauty item,Footbath
Hair & beauty item,Glätteisen
Hair & beauty item,Haarschneidemaschine
Hair & beauty item,Hair & beauty item
Hair & beauty item,Hair clippers
Hair & beauty item,Hair removal system
Hair & beauty item,Hair straightener
Hair & beauty item,Hair straighteners
Hair & beauty item,Hair styler
Hair & beauty item,Kosmetikgerät
Hair & beauty item,Körperpflege
Hair & beauty item,Ladyshave
Hair & beauty item,Lisseur
Hair & beauty item,Lockenstab
Hair & beauty item,Make-up mirror
Hair & beauty item,Massage equipment
Hair & beauty item,Massagegerät
Hair & beauty item,Massager
Hair & beauty item,Munddusche
Hair & beauty item,Nail care
Hair & beauty item,Oral shower
Hair & beauty item,Pedicure appliance
Hair & beauty item,Rasoir
Hair & beauty item,Rasoir électrique
Hair & beauty item,Shaver
Hair & beauty item,tondeuse cheveux
Hair & beauty item,Toothbrush
Hair & beauty item,Water flosser
Hair & beauty item,"Zahnbürste, elektrisch"
Hair dryer,Föhn
Hair dryer,Fön
Hair dryer,Hair dryer
Hair dryer,Hairdryer
Hair dryer,sechecheveux
Hair dryer,sèche cheveux
Hair dryer,sèche-cheveux
Handheld entertainment device,Cassette player
Handheld entertainment device,CD-Player
Handheld entertainment device,Diabetrachter
Handheld entertainment device,Discman
Handheld entertainment device,Drone
Handheld entertainment device,DVD/CD player
Handheld entertainment device,Gameboy
Handheld entertainment device,Games console
Handheld entertainment device,Handheld entertainment device
Handheld entertainment device,iPod
Handheld entertainment device,MP3 CD player
Handheld entertainment device,MP3 player
Handheld entertainment device,Mp3-Player
Handheld entertainment device,Recorder
Handheld entertainment device,Speaker
Handheld entertainment device,Walkman
Headphones,casque audio
Headphones,Earbuds
Headphones,Headphones
Headphones,Headset
Headphones,Kopfhörer
Hi-Fi integrated,Baffle
Hi-Fi integrated,Bluetooth Musik Box
Hi-Fi integrated,Cassette player
Hi-Fi integrated,CD player
Hi-Fi integrated,CD/radio player
Hi-Fi integrated,Chaine Hi Fi
Hi-Fi integrated,Chaîne Hi-Fi compacte
Hi-Fi integrated,chaîne HIfi
Hi-Fi integrated,Hi-Fi integrated
Hi-Fi integrated,Hi-fi system
Hi-Fi integrated,HiFi-Musik-Anlage
Hi-Fi integrated,Home stereo
Hi-Fi integrated,mini hifi
Hi-Fi integrated,Mini stereo
Hi-Fi integrated,Music centre
Hi-Fi integrated,Portable stereo
Hi-Fi integrated,Radio/cassette player
Hi-Fi integrated,Radio/CD player
Hi-Fi integrated,Radio/CD/cassette player
Hi-Fi integrated,Record player
Hi-Fi integrated,Stereo
Hi-Fi integrated,Stereoanlage
Hi-Fi integrated,Stereoset
Hi-Fi integrated,Stereoset / music centre
Hi-Fi integrated,Turntable
Hi-Fi integrated,Walkman
Hi-Fi separates,Ampli
Hi-Fi separates,amplificateur HIFI
Hi-Fi separates,Amplifier
Hi-Fi separates,Baffle
Hi-Fi separates,Blu Ray Player
Hi-Fi separates,Bluetooth speaker
Hi-Fi separates,Cassette deck
Hi-Fi separates,Cassette player
Hi-Fi separates,Cassette player / recorder
Hi-Fi separates,Cassette player/recorder
Hi-Fi separates,Cd / dvd player
Hi-Fi separates,CD player
Hi-Fi separates,CD player / recorder
Hi-Fi separates,CD player/recorder
Hi-Fi separates,CD/Cassette player
Hi-Fi separates,CD/cassette player
Hi-Fi separates,Cd/dvd player
Hi-Fi separates,DVD / CD / radio player
Hi-Fi separates,Dvd / cd player
Hi-Fi separates,Dvd / video player
Hi-Fi separates,DVD Player
Hi-Fi separates,DVD player/recorder
Hi-Fi separates,DVD/CD player
Hi-Fi separates,Dvd/cd player
Hi-Fi separates,DVD/CD/radio player
Hi-Fi separates,Dvd/video player
Hi-Fi separates,Hi-Fi separates
Hi-Fi separates,Kassettenrekorder
Hi-Fi separates,Lautsprecher(boxen)
Hi-Fi separates,lecteur cassette
Hi-Fi separates,lecteur cassette audio
Hi-Fi separates,lecteur CD
Hi-Fi separates,Mischpult
Hi-Fi separates,Plattenspieler
Hi-Fi separates,Radio / CD / cassette player
Hi-Fi separates,Radio / CD player
Hi-Fi separates,Radio/amplifier
Hi-Fi separates,Radio/CD player
Hi-Fi separates,Receiver
Hi-Fi separates,Record player
Hi-Fi separates,Sound mixer
Hi-Fi separates,Soundbar
Hi-Fi separates,Speaker
Hi-Fi separates,Spulentonbandgerät
Hi-Fi separates,Stereo
Hi-Fi separates,Tape recorder
Hi-Fi separates,Tourne disque
Hi-Fi separates,Tuner
Hi-Fi separates,Tuner / amplifier / cassette deck
Hi-Fi separates,Tuner / amplifier / CD player
Hi-Fi separates,Tuner / CD player
Hi-Fi separates,Tuner/amplifier
Hi-Fi separates,Tuner/amplifier/cassette deck
Hi-Fi separates,Tuner/amplifier/CD player
Hi-Fi separates,Tuner/amplifier/receiver
Hi-Fi separates,Tuner/CD player
Hi-Fi separates,Turntable
Hi-Fi separates,Turntable / record player
Hi-Fi separates,Turntable/ record player
Hi-Fi separates,Verstärker
Iron,Bügeleisen
Iron,Centrale vapeur
Iron,Centrale à vapeur
Iron,Fer à repasser
Iron,fer à repasser à vapeur
Iron,Iron
Iron,plancha
Iron,Steam iron / Steam ironing station
Kettle,Electric kettle
Kettle,Kettle
Kettle,Wasserkocher
Lamp,Bicycle lighting
Lamp,Ceiling lamp
Lamp,Desk lamp
Lamp,Floor lamp
Lamp,Lamp
Lamp,Lamp / lighting
Lamp,Lamp/lighting
Lamp,Lampe
Lamp,Magnifier with light
Lamp,Night light
Lamp,Outdoor lamp
Lamp,Reading light
Lamp,Solar lamp
Lamp,Stehleuchte
Lamp,Table lamp
Lamp,Tischlampe
Laptop,Laptop
Laptop,Laptop large
Laptop,Laptop medium
Laptop,Laptop small
Large home electrical,Carpet cleaner
Large home electrical,E-bike
Large home electrical,Edge cutter
Large home electrical,Electric bed
Large home electrical,Electric bike
Large home electrical,Electric lawnmower
Large home electrical,Extractor hood
Large home electrical,Fitness machine
Large home electrical,Fridge
Large home electrical,Kühlschrank
Large home electrical,Lawn edge cutter
Large home electrical,Lawn Mower
Large home electrical,Lawn mower / lawn raker
Large home electrical,Lawnmower
Large home electrical,Microwave
Large home electrical,Microwave oven
Large home electrical,Mikrowelle
Large home electrical,Mobility scooter
Large home electrical,Mop machine
Large home electrical,Oil filled radiator
Large home electrical,Oven
Large home electrical,radiateur électrique
Large home electrical,Scarifier
Large home electrical,Spülmaschine
Large home electrical,Steam cleaner
Large home electrical,Stove
Large home electrical,sèche linge
Large home electrical,tondeuse à gazon
Large home electrical,Tumble dryer
Large home electrical,Upright vacuum cleaner
Large home electrical,Waschmaschine
Large home electrical,Washing machine
Misc,Barometer
Misc,Beamer
Misc,Beer tap
Misc,Cable reel
Misc,Calculator
Misc,Car key
Misc,Drying hood
Misc,Film device
Misc,Garten
Misc,Gourmet set
Misc,Hearing aid
Misc,"Kamera, analog"
Misc,Lighter
Misc,Misc
Misc,Multitool
Misc,Other
Misc,Sonstiges
Misc,Suitcase gramophone
Misc,Tauchpumpe
Misc,Telephone
Misc,Telephone (not mobile or smartphone)
Misc,Thermometer
Misc,Trotinette électrique
Misc,trottinette électrique
Mobile,Handy
Mobile,Mobile
Mobile,Mobile phone / cell phone (not smartphone)
Mobile,Mobiltelefon
Mobile,Smartphone
Mobile,i-phone
Mobile,iPhone
Musical instrument,Electric guitar
Musical instrument,Electric piano
Musical instrument,Guitar pedal
Musical instrument,Keyboard
Musical instrument,Keyboard (musical instrument)
Musical instrument,Musical instrument
Musical instrument,Musikinstrument
Musical instrument,Spieluhr
Paper shredder,Aktenvernichter
Paper shredder,Paper shredder
Paper shredder,Papierschredderer
Paper shredder,Schredder
Paper shredder,Shredder
PC accessory,Audiorecorder
PC accessory,Cable
PC accessory,Charger
PC accessory,Computer mouse
PC accessory,Computermaus
PC accessory,Cord
PC accessory,Diktiergerät
PC accessory,Extension cord
PC accessory,External hard drive
PC accessory,Festplatte
PC accessory,Hard disk
PC accessory,Hard disk drive
PC accessory,Keyboard
PC accessory,Mouse
PC accessory,PC accessory
PC accessory,Power supply
PC accessory,Router
PC accessory,Souris
PC accessory,Speaker
PC accessory,Tastatur
PC accessory,Touchpad / trackpad
Portable radio,Alarm clock radio
Portable radio,Autoradio
Portable radio,CD-Radio
Portable radio,Clock Radio
Portable radio,DAB radio
Portable radio,DAB+ radio
Portable radio,DAB-Radio
Portable radio,Funkgerät Walkie Talkie
Portable radio,Portable radio
Portable radio,Radio
Portable radio,Radio / tape recorder
Portable radio,Radio/CD player
Portable radio,Radiorecorder
Portable radio,Radiowecker
Portable radio,Röhren-Radio
Power tool,Air compressor
Power tool,Akkuschrauber
Power tool,Angle Grinder
Power tool,Angle grinder / Disc cutter
Power tool,Belt sander
Power tool,Bohrhammer
Power tool,Bohrmaschine
Power tool,Broyeur branches
Power tool,Chainsaw
Power tool,Circular saw
Power tool,Coupe bordure
Power tool,Coupe-bordure
Power tool,Cut off saw
Power tool,Cutting machine
Power tool,Disqueuse
Power tool,Dremel tool
Power tool,Drill
Power tool,Drilling machine
Power tool,Drilling machine / Power drill
Power tool,débrousailleuse
Power tool,Electric Drill
Power tool,Electric hedge trimmer
Power tool,Electric saw
Power tool,Electric screwdriver
Power tool,Flex
Power tool,Foreuse
Power tool,Garden Strimmer
Power tool,Glue gun
Power tool,Grass trimmer
Power tool,Grinder
Power tool,Hammer blow drill
Power tool,Hammer drill
Power tool,Hand drill
Power tool,Heckenschere
Power tool,Hedge shear / hedge trimmer
Power tool,Hedge trimmer
Power tool,Hochdruckreiniger
Power tool,Jigsaw
Power tool,Jigsaw tool
Power tool,Karcher
Power tool,Kettensäge
Power tool,Kreissäge
Power tool,Lawnmower
Power tool,Leaf blower
Power tool,Milling cutter
Power tool,Nail milling machine
Power tool,Nettoyeur haute pression
Power tool,Paint burner
Power tool,Perceuse
Power tool,Ponceuse
Power tool,ponceuse plate
Power tool,Power tool
Power tool,Pressure washer
Power tool,Rasentrimmer
Power tool,Saber saw / reciprocating saw
Power tool,Sander
Power tool,Sawing machine
Power tool,Schleifer
Power tool,scie circulaire
Power tool,scie sauteuse
Power tool,Screw drill
Power tool,Screwdriver
Power tool,souffleur de feuilles
Power tool,Stichsäge
Power tool,Straight grinder
Power tool,Strimmer
Power tool,Taille haie
Power tool,taille-haie
Power tool,Tronçonneuse
Power tool,visseuse
Power tool,Water blaster / High-pressure cleaner
Power tool,Water blaster / High-pressure cleaner / Jet washer
Power tool,Werkzeug
Power tool,Window washer
Power tool,Winkelschleifer
Printer/scanner,Copier
Printer/scanner,Drucker
Printer/scanner,Faxgerät
Printer/scanner,Printer
Printer/scanner,Printer / scanner
Printer/scanner,Printer/scanner
Projector,Beamer
Projector,Film projector
Projector,Projector
Projector,Projektor
Projector,Video projector
Sewing machine,Bag sewing machine
Sewing machine,Machine à coudre
Sewing machine,Nähmaschine
Sewing machine,Overlock machine
Sewing machine,Sewing machine
Small home electrical,Air pump
Small home electrical,Baby monitor
Small home electrical,Babyphone
Small home electrical,Battery
Small home electrical,Blood pressure monitor
Small home electrical,Blutdruckmessgerät
Small home electrical,Bügelstation
Small home electrical,Calculator
Small home electrical,Centrifuge
Small home electrical,Clipper / trimmer
Small home electrical,Controller
Small home electrical,Dampfbügeleisen
Small home electrical,Dampfreiniger
Small home electrical,Digital photo frame
Small home electrical,Dimmer
Small home electrical,Doorbell
Small home electrical,Electric blanket
Small home electrical,Electric fireplace / decorative fireplace
Small home electrical,Electric Heater
Small home electrical,Electric heater / radiator
Small home electrical,Electric pencil sharpener
Small home electrical,Electric stapler
Small home electrical,Electric window wiper
Small home electrical,Fan heater
Small home electrical,Fensterreiniger
Small home electrical,Heater
Small home electrical,Heating element
Small home electrical,Heating pad / heat cushion
Small home electrical,Heizdecke / Heizkissen
Small home electrical,Heizlüfter
Small home electrical,Heizung
Small home electrical,Kabel
Small home electrical,Kabeltrommel
Small home electrical,Karaokeset
Small home electrical,Kühlbox
Small home electrical,Laminator
Small home electrical,Laminiergerät
Small home electrical,Messgerät
Small home electrical,Microphone
Small home electrical,Multimeter
Small home electrical,pencil sharpener
Small home electrical,Personal scales
Small home electrical,Polisher
Small home electrical,Pompe eau
Small home electrical,Pond pump
Small home electrical,Pruning shears / Garden shears
Small home electrical,pèse-personne
Small home electrical,Radiant heater
Small home electrical,rallonge électrique
Small home electrical,Rasenmäher
Small home electrical,Schalter
Small home electrical,Schreibmaschine
Small home electrical,Slide projector
Small home electrical,Smoke detector
Small home electrical,Soldering iron
Small home electrical,Steam appliance (for textiles)
Small home electrical,Steckdosenleiste
Small home electrical,Steuergerät
Small home electrical,Tacker
Small home electrical,Thermostat
Small home electrical,Tischrechner
Small home electrical,Ultraschallreiniger
Small home electrical,Voice recorder
Small home electrical,Wasserpumpe
Small home electrical,Water pump
Small home electrical,Wetterstation
Small home electrical,Window wiper
Small kitchen item,Air fryer
Small kitchen item,Allesschneider
Small kitchen item,Appareil à croque monsieur
Small kitchen item,appareil à raclette
Small kitchen item,Backautomat
Small kitchen item,balance cuisine
Small kitchen item,Boiler
Small kitchen item,Bread maker
Small kitchen item,Breadmaker
Small kitchen item,Brotschneidemaschine
Small kitchen item,Chopper
Small kitchen item,Citrus press
Small kitchen item,Cool box
Small kitchen item,Cuiseur vapeur
Small kitchen item,Dampfkochtopf
Small kitchen item,Digital scales
Small kitchen item,Dörrgerät
Small kitchen item,Eierkocher
Small kitchen item,Electric baking tray
Small kitchen item,Electric cool box
Small kitchen item,Electric knife
Small kitchen item,Electric pan
Small kitchen item,Fer à gauffre
Small kitchen item,Four
Small kitchen item,Four micro-onde
Small kitchen item,four à micro ondes
Small kitchen item,Friteuse
Small kitchen item,friteuse
Small kitchen item,Fritteuse
Small kitchen item,Fryer
Small kitchen item,gaufrier
Small kitchen item,Griddle
Small kitchen item,Grill
Small kitchen item,Grill and raclette machine
Small kitchen item,Grill oven
Small kitchen item,hachoir
Small kitchen item,Hob
Small kitchen item,Hot plate
Small kitchen item,Hotplate
Small kitchen item,Ice cream maker
Small kitchen item,Ice cube maker
Small kitchen item,Induction hob
Small kitchen item,Induktionsplatte
Small kitchen item,Juice extractor / Juicer
Small kitchen item,Kitchen scales
Small kitchen item,Kochplatte
Small kitchen item,Kurzzeitwecker (Eieruhr)
Small kitchen item,Machine à pain
Small kitchen item,Meat cutter
Small kitchen item,Micro-ondes
Small kitchen item,Microwave
Small kitchen item,Milchaufschäumer
Small kitchen item,Milk frother
Small kitchen item,Minibackofen
Small kitchen item,Mixer / blender
Small kitchen item,mixer soupe
Small kitchen item,mousseur de lait
Small kitchen item,Mühle
Small kitchen item,Oven
Small kitchen item,Pepper mill / Pepper grinder
Small kitchen item,Pizza oven
Small kitchen item,Popcorn machine
Small kitchen item,Pressure cooker
Small kitchen item,Raclette
Small kitchen item,Raclette grill
Small kitchen item,Rice cooker
Small kitchen item,Rollator
Small kitchen item,Rolled cookies iron
Small kitchen item,Sandwich maker
Small kitchen item,Sandwich toaster
Small kitchen item,Scales
Small kitchen item,Slicer
Small kitchen item,Slow cooker
Small kitchen item,Slowcooker
Small kitchen item,Small kitchen item
Small kitchen item,Smoothie maker
Small kitchen item,Soup maker
Small kitchen item,Steamer
Small kitchen item,Table grill
Small kitchen item,Teamaker / teasmade
Small kitchen item,Timer
Small kitchen item,Toaster
Small kitchen item,Toaster oven
Small kitchen item,Topf
Small kitchen item,trancheuse
Small kitchen item,Vacuum sealer
Small kitchen item,Vakumiergerät
Small kitchen item,"Waage, elektrisch"
Small kitchen item,Waffeleisen
Small kitchen item,Waffle iron
Small kitchen item,Wassersprudler
Small kitchen item,Weighing Scales
Small kitchen item,Yogurt machine
Tablet,Bicycle computer
Tablet,E-reader / E-book reader
Tablet,GPS
Tablet,iPad
Tablet,Ipad
Tablet,Kindle
Tablet,Navigation system
Tablet,Navigationsgerät
Tablet,Satnav
Tablet,Tablet
Tablet,Weather station
Toaster,Grill toaster
Toaster,tosti
Toaster,grille-pain
Toaster,Toaster
Toy,Drone
Toy,Electric train
Toy,Ferngesteuertes Auto
Toy,Game
Toy,Hoverboard
Toy,Music box (toy)
Toy,Other
Toy,Racing track
Toy,Remote control Car
Toy,Remote controlled car
Toy,Robot
Toy,Spielzeug
Toy,Toy
Toy,Singing doll
Toy,Toy piano
Toy,Teddy bear
Toy,voiture téléguidé
TV and gaming-related accessories,Blu-ray player
TV and gaming-related accessories,Decoder TV
TV and gaming-related accessories,DVD Cinema System
TV and gaming-related accessories,DVD player
TV and gaming-related accessories,DVD player/recorder
TV and gaming-related accessories,DVD-Player
TV and gaming-related accessories,DVD/CD player
TV and gaming-related accessories,Fernbedienung
TV and gaming-related accessories,Games console controller
TV and gaming-related accessories,Home cinema
TV and gaming-related accessories,lecteur dvd
TV and gaming-related accessories,Lecteur DVD Bluray
TV and gaming-related accessories,Magnetoscope
TV and gaming-related accessories,Microphone
TV and gaming-related accessories,Playstation
TV and gaming-related accessories,Receiver
TV and gaming-related accessories,Remote control
TV and gaming-related accessories,Set-top box
TV and gaming-related accessories,Television
TV and gaming-related accessories,Television with video recorder
TV and gaming-related accessories,TV
TV and gaming-related accessories,TV and gaming-related accessories
TV and gaming-related accessories,Télécommande
TV and gaming-related accessories,VHS player/recorder
TV and gaming-related accessories,VHS/DVD/CD player/recorder
TV and gaming-related accessories,Video / DVD player / recorder
TV and gaming-related accessories,Video Player
TV and gaming-related accessories,Video player / recorder
Vacuum,Aspirateur
Vacuum,Carpet cleaner
Vacuum,Handheld vacuum cleaner
Vacuum,Hoover
Vacuum,Nettoyeur vapeur
Vacuum,Robotic vacuum cleaner
Vacuum,Saugroboter
Vacuum,Staubsauger
Vacuum,Staubsaugerroboter
Vacuum,Steam cleaner
Vacuum,Steam mop
Vacuum,Vacuum
Vacuum,Vacuum cleaner
Vacuum,Vacuuming machine
Vacuum,Water vacuum cleaner
Watch/clock,Alarm Clock
Watch/clock,Alarm clock
Watch/clock,Armbanduhr
Watch/clock,Clock
Watch/clock,Cooking timer
Watch/clock,Fitness watch
Watch/clock,Funkuhr
Watch/clock,réveil
Watch/clock,Time switch
Watch/clock,Timer
Watch/clock,Travel alarm clock
Watch/clock,Uhr
Watch/clock,Watch
Watch/clock,Fitbit
Watch/clock,Wecker
Watch/clock,Wrist watch